transaction_id,date,product,region,channel,quantity,unit_price,customer_id,revenue,year,month,quarter,month_name
TXN0430,2024-01-01,Monitor,West,Partner,7,246.25,CUST2602,1723.75,2024,1,1,January
TXN0278,2024-01-01,Keyboard,North,Retail,4,75.52,CUST4178,302.08,2024,1,1,January
TXN0936,2024-01-01,Laptop,West,Online,2,887.6,CUST3106,1775.2,2024,1,1,January
TXN0091,2024-01-01,Laptop,East,Online,9,1249.84,CUST4440,11248.56,2024,1,1,January
TXN0107,2024-01-01,Laptop,East,Online,4,1074.37,CUST1880,4297.48,2024,1,1,January
TXN0458,2024-01-01,Headphones,West,Partner,8,276.9,CUST3036,2215.2,2024,1,1,January
TXN0954,2024-01-02,Keyboard,South,Retail,1,90.4,CUST2861,90.4,2024,1,1,January
TXN0305,2024-01-02,Mouse,North,Online,4,68.51,CUST1349,274.04,2024,1,1,January
TXN0526,2024-01-03,Mouse,West,Retail,5,59.34,CUST1821,296.7,2024,1,1,January
TXN0775,2024-01-03,Mouse,North,Partner,1,43.01,CUST3298,43.01,2024,1,1,January
TXN0570,2024-01-04,Mouse,East,Retail,9,45.11,CUST4252,405.99,2024,1,1,January
TXN0069,2024-01-04,Headphones,West,Partner,2,56.63,CUST1895,113.26,2024,1,1,January
TXN0846,2024-01-04,Mouse,North,Partner,6,18.81,CUST4584,112.86,2024,1,1,January
TXN0489,2024-01-05,Monitor,North,Online,6,289.28,CUST3194,1735.68,2024,1,1,January
TXN0544,2024-01-05,Laptop,West,Online,8,961.13,CUST3993,7689.04,2024,1,1,January
TXN0320,2024-01-05,Mouse,West,Partner,5,32.62,CUST2735,163.1,2024,1,1,January
TXN0102,2024-01-05,Headphones,East,Online,6,252.64,CUST1223,1515.84,2024,1,1,January
TXN0407,2024-01-05,Headphones,South,Retail,9,217.26,CUST1097,1955.34,2024,1,1,January
TXN0690,2024-01-07,Keyboard,West,Online,8,53.6,CUST2204,428.8,2024,1,1,January
TXN0097,2024-01-08,Monitor,South,Retail,8,412.01,CUST4249,3296.08,2024,1,1,January
TXN0418,2024-01-08,Laptop,North,Partner,5,1328.39,CUST4013,6641.95,2024,1,1,January
TXN0786,2024-01-08,Monitor,North,Retail,4,470.04,CUST2884,1880.16,2024,1,1,January
TXN0117,2024-01-08,Keyboard,West,Online,3,134.92,CUST1666,404.76,2024,1,1,January
TXN0446,2024-01-08,Laptop,North,Partner,8,1180.34,CUST4659,9442.72,2024,1,1,January
TXN0689,2024-01-08,Monitor,North,Retail,1,564.11,CUST1627,564.11,2024,1,1,January
TXN0250,2024-01-09,Monitor,South,Online,6,549.18,CUST1116,3295.08,2024,1,1,January
TXN0913,2024-01-10,Keyboard,South,Online,6,112.84,CUST3262,677.04,2024,1,1,January
TXN0509,2024-01-10,Mouse,West,Retail,4,56.41,CUST4953,225.64,2024,1,1,January
TXN0180,2024-01-11,Monitor,South,Partner,2,417.84,CUST4190,835.68,2024,1,1,January
TXN0548,2024-01-11,Mouse,East,Retail,9,27.8,CUST2890,250.2,2024,1,1,January
TXN0780,2024-01-11,Keyboard,North,Online,6,146.96,CUST3550,881.76,2024,1,1,January
TXN0694,2024-01-11,Headphones,South,Retail,7,102.7,CUST2825,718.9,2024,1,1,January
TXN0988,2024-01-12,Mouse,West,Partner,6,53.83,CUST4122,322.98,2024,1,1,January
TXN0785,2024-01-12,Monitor,North,Retail,1,333.07,CUST1464,333.07,2024,1,1,January
TXN0505,2024-01-13,Mouse,West,Partner,2,33.27,CUST3951,66.54,2024,1,1,January
TXN0715,2024-01-13,Monitor,North,Partner,2,232.11,CUST3547,464.22,2024,1,1,January
TXN0262,2024-01-14,Mouse,East,Retail,6,53.56,CUST4595,321.36,2024,1,1,January
TXN0126,2024-01-15,Keyboard,West,Online,7,75.27,CUST1713,526.89,2024,1,1,January
TXN0149,2024-01-15,Mouse,East,Online,1,49.67,CUST2254,49.67,2024,1,1,January
TXN0849,2024-01-16,Headphones,East,Partner,4,203.6,CUST4622,814.4,2024,1,1,January
TXN0202,2024-01-16,Mouse,East,Online,7,51.13,CUST4157,357.91,2024,1,1,January
TXN0535,2024-01-16,Monitor,West,Partner,5,587.88,CUST4718,2939.4,2024,1,1,January
TXN0199,2024-01-17,Headphones,South,Online,7,180.33,CUST1011,1262.31,2024,1,1,January
TXN0170,2024-01-18,Keyboard,North,Retail,3,84.39,CUST1193,253.17,2024,1,1,January
TXN0760,2024-01-19,Monitor,East,Partner,3,246.08,CUST2938,738.24,2024,1,1,January
TXN0137,2024-01-20,Laptop,North,Partner,1,1532.74,CUST1319,1532.74,2024,1,1,January
TXN0377,2024-01-20,Laptop,East,Partner,7,1364.38,CUST4282,9550.66,2024,1,1,January
TXN0831,2024-01-20,Laptop,West,Partner,7,1970.57,CUST2230,13793.99,2024,1,1,January
TXN0410,2024-01-20,Headphones,South,Partner,4,239.19,CUST3261,956.76,2024,1,1,January
TXN0181,2024-01-20,Monitor,North,Online,6,664.3,CUST1904,3985.8,2024,1,1,January
TXN0399,2024-01-21,Laptop,West,Retail,1,1726.23,CUST4141,1726.23,2024,1,1,January
TXN0301,2024-01-21,Monitor,East,Partner,7,738.03,CUST4188,5166.21,2024,1,1,January
TXN0420,2024-01-21,Headphones,South,Online,2,91.49,CUST2125,182.98,2024,1,1,January
TXN0520,2024-01-21,Laptop,West,Partner,3,1572.98,CUST3857,4718.94,2024,1,1,January
TXN0774,2024-01-22,Keyboard,North,Retail,7,61.91,CUST3810,433.37,2024,1,1,January
TXN0067,2024-01-23,Headphones,South,Retail,6,208.77,CUST3849,1252.62,2024,1,1,January
TXN0372,2024-01-23,Keyboard,North,Retail,7,99.26,CUST2304,694.82,2024,1,1,January
TXN0531,2024-01-24,Monitor,North,Partner,9,778.1,CUST4259,7002.9,2024,1,1,January
TXN0197,2024-01-25,Mouse,East,Partner,3,20.05,CUST1107,60.15,2024,1,1,January
TXN0859,2024-01-25,Mouse,East,Online,5,41.92,CUST1143,209.6,2024,1,1,January
TXN0263,2024-01-25,Headphones,North,Partner,3,293.97,CUST4427,881.91,2024,1,1,January
TXN0779,2024-01-25,Laptop,South,Partner,4,1202.75,CUST2801,4811.0,2024,1,1,January
TXN0335,2024-01-25,Mouse,South,Online,6,35.39,CUST1094,212.34,2024,1,1,January
TXN0309,2024-01-26,Monitor,North,Partner,8,446.62,CUST2660,3572.96,2024,1,1,January
TXN0758,2024-01-26,Laptop,East,Online,4,1099.73,CUST3618,4398.92,2024,1,1,January
TXN0975,2024-01-26,Monitor,North,Retail,1,466.91,CUST2716,466.91,2024,1,1,January
TXN0877,2024-01-26,Headphones,South,Retail,6,232.56,CUST2751,1395.36,2024,1,1,January
TXN0189,2024-01-27,Headphones,North,Partner,6,233.05,CUST1609,1398.3,2024,1,1,January
TXN0957,2024-01-27,Monitor,South,Online,4,307.46,CUST1703,1229.84,2024,1,1,January
TXN0889,2024-01-28,Monitor,North,Retail,9,391.43,CUST1296,3522.87,2024,1,1,January
TXN0358,2024-01-28,Keyboard,East,Partner,5,95.95,CUST3037,479.75,2024,1,1,January
TXN0022,2024-01-29,Keyboard,West,Online,7,64.77,CUST4157,453.39,2024,1,1,January
TXN0086,2024-01-29,Headphones,North,Retail,3,195.33,CUST2388,585.99,2024,1,1,January
TXN0186,2024-01-29,Mouse,North,Retail,7,59.41,CUST3885,415.87,2024,1,1,January
TXN0470,2024-01-30,Mouse,West,Retail,3,44.26,CUST4243,132.78,2024,1,1,January
TXN0700,2024-01-31,Mouse,East,Partner,5,46.1,CUST2289,230.5,2024,1,1,January
TXN0947,2024-01-31,Laptop,South,Retail,7,1992.54,CUST2317,13947.78,2024,1,1,January
TXN0419,2024-02-01,Keyboard,North,Partner,7,146.06,CUST1574,1022.42,2024,2,1,February
TXN0586,2024-02-01,Monitor,West,Retail,1,215.12,CUST2907,215.12,2024,2,1,February
TXN0964,2024-02-01,Laptop,East,Retail,1,1031.79,CUST3234,1031.79,2024,2,1,February
TXN0240,2024-02-02,Headphones,South,Partner,3,113.13,CUST3006,339.39,2024,2,1,February
TXN0017,2024-02-02,Mouse,West,Partner,7,58.47,CUST1804,409.29,2024,2,1,February
TXN0558,2024-02-03,Keyboard,East,Online,9,121.32,CUST4824,1091.88,2024,2,1,February
TXN0993,2024-02-04,Headphones,East,Retail,7,229.81,CUST4723,1608.67,2024,2,1,February
TXN0179,2024-02-05,Keyboard,North,Retail,2,139.27,CUST3756,278.54,2024,2,1,February
TXN0631,2024-02-05,Headphones,South,Retail,1,176.41,CUST3854,176.41,2024,2,1,February
TXN0318,2024-02-05,Headphones,West,Online,1,198.94,CUST1072,198.94,2024,2,1,February
TXN0048,2024-02-06,Laptop,West,Online,1,1463.32,CUST1606,1463.32,2024,2,1,February
TXN0226,2024-02-06,Mouse,West,Online,5,79.45,CUST2137,397.25,2024,2,1,February
TXN0623,2024-02-06,Keyboard,East,Retail,2,90.01,CUST3559,180.02,2024,2,1,February
TXN0359,2024-02-07,Mouse,East,Online,8,65.0,CUST1920,520.0,2024,2,1,February
TXN0457,2024-02-08,Laptop,North,Partner,3,1340.72,CUST3174,4022.16,2024,2,1,February
TXN0850,2024-02-08,Mouse,North,Retail,6,45.99,CUST3155,275.94,2024,2,1,February
TXN0148,2024-02-08,Keyboard,East,Retail,6,69.94,CUST2202,419.64,2024,2,1,February
TXN0207,2024-02-08,Monitor,East,Online,4,674.43,CUST1920,2697.72,2024,2,1,February
TXN0210,2024-02-08,Keyboard,South,Online,1,78.23,CUST1244,78.23,2024,2,1,February
TXN0228,2024-02-09,Mouse,East,Online,1,72.11,CUST4218,72.11,2024,2,1,February
TXN0705,2024-02-09,Laptop,West,Retail,5,1387.27,CUST2743,6936.35,2024,2,1,February
TXN0569,2024-02-09,Keyboard,East,Online,4,113.23,CUST4607,452.92,2024,2,1,February
TXN0603,2024-02-10,Monitor,South,Partner,4,255.26,CUST4905,1021.04,2024,2,1,February
TXN0456,2024-02-10,Laptop,North,Online,3,1855.84,CUST1182,5567.52,2024,2,1,February
TXN0416,2024-02-11,Mouse,West,Retail,2,35.59,CUST3434,71.18,2024,2,1,February
TXN0332,2024-02-11,Laptop,South,Retail,3,1609.16,CUST2693,4827.48,2024,2,1,February
TXN0130,2024-02-11,Keyboard,North,Online,6,137.96,CUST4391,827.76,2024,2,1,February
TXN0806,2024-02-11,Laptop,East,Online,6,957.17,CUST4605,5743.02,2024,2,1,February
TXN0316,2024-02-11,Keyboard,South,Online,7,116.94,CUST3506,818.58,2024,2,1,February
TXN0351,2024-02-11,Monitor,North,Retail,1,773.2,CUST1016,773.2,2024,2,1,February
TXN0339,2024-02-12,Headphones,South,Retail,7,88.01,CUST4058,616.07,2024,2,1,February
TXN0961,2024-02-12,Mouse,East,Online,1,51.52,CUST2203,51.52,2024,2,1,February
TXN0987,2024-02-13,Mouse,North,Retail,6,47.32,CUST4427,283.92,2024,2,1,February
TXN0072,2024-02-13,Keyboard,North,Online,2,34.68,CUST1753,69.36,2024,2,1,February
TXN0724,2024-02-13,Laptop,East,Partner,2,1058.6,CUST4871,2117.2,2024,2,1,February
TXN0652,2024-02-14,Headphones,South,Partner,4,299.3,CUST1634,1197.2,2024,2,1,February
TXN0956,2024-02-14,Mouse,North,Partner,7,32.81,CUST1390,229.67,2024,2,1,February
TXN0231,2024-02-14,Keyboard,South,Online,3,135.49,CUST1425,406.47,2024,2,1,February
TXN0610,2024-02-15,Headphones,South,Retail,6,75.47,CUST1369,452.82,2024,2,1,February
TXN0254,2024-02-15,Laptop,West,Partner,6,1541.79,CUST4731,9250.74,2024,2,1,February
TXN0100,2024-02-15,Headphones,East,Online,6,287.45,CUST1255,1724.7,2024,2,1,February
TXN0836,2024-02-15,Headphones,North,Online,9,258.3,CUST4637,2324.7,2024,2,1,February
TXN0615,2024-02-16,Monitor,West,Partner,1,328.64,CUST1068,328.64,2024,2,1,February
TXN0596,2024-02-16,Mouse,East,Online,4,58.65,CUST4662,234.6,2024,2,1,February
TXN0801,2024-02-16,Laptop,West,Online,7,1103.63,CUST4863,7725.41,2024,2,1,February
TXN0642,2024-02-17,Headphones,North,Online,7,85.71,CUST4353,599.97,2024,2,1,February
TXN0549,2024-02-17,Monitor,West,Partner,9,331.47,CUST1356,2983.23,2024,2,1,February
TXN0707,2024-02-17,Keyboard,South,Partner,7,84.48,CUST3392,591.36,2024,2,1,February
TXN0360,2024-02-18,Laptop,West,Retail,4,1729.56,CUST3216,6918.24,2024,2,1,February
TXN0392,2024-02-18,Monitor,North,Retail,5,623.61,CUST2625,3118.05,2024,2,1,February
TXN0979,2024-02-18,Laptop,North,Retail,6,1608.51,CUST3489,9651.06,2024,2,1,February
TXN0389,2024-02-19,Mouse,East,Online,1,53.08,CUST4701,53.08,2024,2,1,February
TXN0924,2024-02-19,Mouse,South,Retail,2,18.07,CUST2605,36.14,2024,2,1,February
TXN0045,2024-02-20,Headphones,South,Partner,2,137.52,CUST4680,275.04,2024,2,1,February
TXN0159,2024-02-20,Laptop,North,Retail,8,1808.53,CUST3826,14468.24,2024,2,1,February
TXN0581,2024-02-20,Laptop,West,Online,9,1338.58,CUST4265,12047.22,2024,2,1,February
TXN0834,2024-02-21,Keyboard,South,Partner,8,38.96,CUST3406,311.68,2024,2,1,February
TXN0021,2024-02-21,Laptop,North,Retail,5,1099.15,CUST3796,5495.75,2024,2,1,February
TXN0028,2024-02-21,Mouse,West,Retail,7,47.32,CUST4184,331.24,2024,2,1,February
TXN0630,2024-02-21,Mouse,West,Online,7,29.04,CUST1566,203.28,2024,2,1,February
TXN0350,2024-02-21,Mouse,West,Retail,8,67.69,CUST4804,541.52,2024,2,1,February
TXN0082,2024-02-22,Laptop,East,Online,7,909.45,CUST2065,6366.15,2024,2,1,February
TXN0510,2024-02-22,Mouse,West,Partner,6,51.61,CUST3307,309.66,2024,2,1,February
TXN0106,2024-02-22,Headphones,North,Retail,3,111.84,CUST4149,335.52,2024,2,1,February
TXN0182,2024-02-22,Mouse,West,Partner,4,78.35,CUST2387,313.4,2024,2,1,February
TXN0711,2024-02-22,Monitor,South,Partner,3,309.7,CUST3785,929.1,2024,2,1,February
TXN0528,2024-02-22,Mouse,West,Partner,5,59.72,CUST4596,298.6,2024,2,1,February
TXN0824,2024-02-23,Keyboard,South,Partner,4,99.93,CUST3240,399.72,2024,2,1,February
TXN0496,2024-02-23,Keyboard,South,Retail,5,73.05,CUST3241,365.25,2024,2,1,February
TXN0611,2024-02-23,Keyboard,South,Partner,4,119.81,CUST4198,479.24,2024,2,1,February
TXN0556,2024-02-24,Mouse,West,Partner,6,42.87,CUST3936,257.22,2024,2,1,February
TXN0621,2024-02-25,Mouse,East,Online,2,55.97,CUST1362,111.94,2024,2,1,February
TXN0697,2024-02-25,Monitor,East,Partner,8,331.82,CUST3615,2654.56,2024,2,1,February
TXN0747,2024-02-25,Headphones,East,Online,6,103.67,CUST1584,622.02,2024,2,1,February
TXN0543,2024-02-26,Monitor,East,Partner,9,614.0,CUST3841,5526.0,2024,2,1,February
TXN0395,2024-02-26,Monitor,East,Online,4,208.04,CUST2431,832.16,2024,2,1,February
TXN0245,2024-02-27,Laptop,West,Retail,2,1055.73,CUST2855,2111.46,2024,2,1,February
TXN0409,2024-02-28,Monitor,South,Partner,3,671.77,CUST1959,2015.31,2024,2,1,February
TXN0511,2024-02-28,Headphones,East,Retail,7,89.66,CUST4361,627.62,2024,2,1,February
TXN0757,2024-02-29,Keyboard,South,Online,6,39.19,CUST1406,235.14,2024,2,1,February
TXN0951,2024-03-01,Keyboard,South,Retail,1,130.37,CUST2727,130.37,2024,3,1,March
TXN0451,2024-03-01,Mouse,West,Retail,8,30.53,CUST1361,244.24,2024,3,1,March
TXN0673,2024-03-01,Keyboard,South,Partner,3,98.54,CUST4471,295.62,2024,3,1,March
TXN0145,2024-03-02,Mouse,West,Online,9,59.39,CUST2863,534.51,2024,3,1,March
TXN0443,2024-03-02,Headphones,North,Retail,3,116.94,CUST1493,350.82,2024,3,1,March
TXN0135,2024-03-02,Keyboard,North,Retail,8,87.19,CUST3220,697.52,2024,3,1,March
TXN0216,2024-03-02,Keyboard,North,Retail,9,119.2,CUST1771,1072.8,2024,3,1,March
TXN0654,2024-03-02,Keyboard,West,Partner,4,35.44,CUST4550,141.76,2024,3,1,March
TXN0494,2024-03-03,Keyboard,South,Partner,5,91.25,CUST4565,456.25,2024,3,1,March
TXN0471,2024-03-03,Laptop,East,Partner,9,832.9,CUST2403,7496.1,2024,3,1,March
TXN0344,2024-03-03,Mouse,North,Partner,3,38.9,CUST3139,116.7,2024,3,1,March
TXN0730,2024-03-03,Mouse,West,Partner,7,32.26,CUST1272,225.82,2024,3,1,March
TXN0781,2024-03-04,Laptop,South,Online,2,860.75,CUST2354,1721.5,2024,3,1,March
TXN0212,2024-03-05,Monitor,South,Online,3,480.39,CUST1375,1441.17,2024,3,1,March
TXN0883,2024-03-05,Headphones,South,Partner,3,217.3,CUST3986,651.9,2024,3,1,March
TXN0499,2024-03-05,Keyboard,West,Online,5,118.86,CUST2572,594.3,2024,3,1,March
TXN0347,2024-03-05,Headphones,North,Online,2,207.32,CUST4764,414.64,2024,3,1,March
TXN0412,2024-03-06,Mouse,North,Retail,3,74.1,CUST4168,222.3,2024,3,1,March
TXN0875,2024-03-06,Mouse,South,Partner,2,36.58,CUST1587,73.16,2024,3,1,March
TXN0023,2024-03-06,Monitor,South,Online,9,263.3,CUST1795,2369.7,2024,3,1,March
TXN0329,2024-03-06,Headphones,North,Online,2,284.24,CUST4016,568.48,2024,3,1,March
TXN0429,2024-03-06,Mouse,East,Partner,7,25.86,CUST2683,181.02,2024,3,1,March
TXN0449,2024-03-07,Monitor,South,Retail,8,560.39,CUST3998,4483.12,2024,3,1,March
TXN0321,2024-03-07,Mouse,South,Online,3,27.37,CUST2153,82.11,2024,3,1,March
TXN0982,2024-03-08,Keyboard,North,Retail,2,81.25,CUST4357,162.5,2024,3,1,March
TXN0873,2024-03-08,Laptop,South,Online,2,849.71,CUST3969,1699.42,2024,3,1,March
TXN0128,2024-03-08,Laptop,South,Partner,9,1398.13,CUST3158,12583.17,2024,3,1,March
TXN0732,2024-03-08,Monitor,South,Retail,1,368.97,CUST3105,368.97,2024,3,1,March
TXN0481,2024-03-09,Monitor,North,Online,1,519.35,CUST1364,519.35,2024,3,1,March
TXN0990,2024-03-09,Keyboard,East,Partner,3,49.86,CUST1534,149.58,2024,3,1,March
TXN0402,2024-03-09,Mouse,East,Partner,5,51.75,CUST2938,258.75,2024,3,1,March
TXN0155,2024-03-09,Keyboard,West,Partner,8,100.01,CUST1711,800.08,2024,3,1,March
TXN0744,2024-03-10,Headphones,North,Partner,7,214.67,CUST1529,1502.69,2024,3,1,March
TXN0319,2024-03-10,Laptop,North,Partner,4,1330.89,CUST3875,5323.56,2024,3,1,March
TXN0088,2024-03-10,Monitor,West,Partner,3,666.29,CUST2205,1998.87,2024,3,1,March
TXN0643,2024-03-11,Laptop,North,Online,1,1614.68,CUST2337,1614.68,2024,3,1,March
TXN0659,2024-03-11,Keyboard,West,Online,6,120.0,CUST3448,720.0,2024,3,1,March
TXN0962,2024-03-11,Mouse,South,Retail,4,50.88,CUST4003,203.52,2024,3,1,March
TXN0217,2024-03-12,Keyboard,West,Online,6,102.93,CUST4564,617.58,2024,3,1,March
TXN0310,2024-03-12,Mouse,West,Online,5,34.63,CUST3711,173.15,2024,3,1,March
TXN0214,2024-03-13,Headphones,East,Online,9,219.91,CUST4211,1979.19,2024,3,1,March
TXN0121,2024-03-13,Headphones,South,Online,9,221.95,CUST2079,1997.55,2024,3,1,March
TXN0196,2024-03-13,Headphones,North,Online,1,173.87,CUST1938,173.87,2024,3,1,March
TXN0778,2024-03-14,Laptop,South,Retail,9,1628.49,CUST1605,14656.41,2024,3,1,March
TXN0075,2024-03-15,Headphones,North,Online,5,291.9,CUST1675,1459.5,2024,3,1,March
TXN0111,2024-03-15,Mouse,East,Partner,6,55.12,CUST3785,330.72,2024,3,1,March
TXN0427,2024-03-15,Mouse,North,Partner,6,62.97,CUST3667,377.82,2024,3,1,March
TXN0682,2024-03-15,Mouse,North,Online,7,59.91,CUST4582,419.37,2024,3,1,March
TXN0289,2024-03-16,Laptop,East,Online,4,1611.82,CUST4218,6447.28,2024,3,1,March
TXN0295,2024-03-16,Laptop,South,Partner,5,1256.5,CUST3652,6282.5,2024,3,1,March
TXN0425,2024-03-16,Keyboard,West,Retail,5,43.55,CUST2241,217.75,2024,3,1,March
TXN0256,2024-03-17,Laptop,West,Retail,6,1186.51,CUST4237,7119.06,2024,3,1,March
TXN0888,2024-03-17,Headphones,North,Partner,4,115.33,CUST3676,461.32,2024,3,1,March
TXN0587,2024-03-18,Keyboard,South,Online,2,82.52,CUST2923,165.04,2024,3,1,March
TXN0546,2024-03-18,Mouse,South,Retail,3,25.77,CUST2116,77.31,2024,3,1,March
TXN0124,2024-03-18,Monitor,West,Retail,8,279.87,CUST2026,2238.96,2024,3,1,March
TXN0354,2024-03-19,Laptop,North,Partner,8,1858.95,CUST3628,14871.6,2024,3,1,March
TXN0338,2024-03-19,Laptop,West,Online,4,1327.41,CUST2851,5309.64,2024,3,1,March
TXN0927,2024-03-19,Mouse,West,Retail,9,26.15,CUST2105,235.35,2024,3,1,March
TXN0411,2024-03-19,Headphones,South,Retail,9,190.05,CUST4867,1710.45,2024,3,1,March
TXN0607,2024-03-19,Headphones,East,Retail,3,270.75,CUST3938,812.25,2024,3,1,March
TXN0940,2024-03-19,Mouse,South,Partner,6,15.64,CUST3809,93.84,2024,3,1,March
TXN0583,2024-03-21,Laptop,South,Partner,9,1034.29,CUST2164,9308.61,2024,3,1,March
TXN0015,2024-03-21,Keyboard,West,Partner,3,122.55,CUST2796,367.65,2024,3,1,March
TXN0908,2024-03-22,Keyboard,East,Retail,4,119.43,CUST1978,477.72,2024,3,1,March
TXN0561,2024-03-22,Keyboard,West,Online,2,138.27,CUST1153,276.54,2024,3,1,March
TXN0293,2024-03-22,Keyboard,North,Online,7,82.27,CUST2354,575.89,2024,3,1,March
TXN0600,2024-03-22,Laptop,South,Online,1,1215.83,CUST4275,1215.83,2024,3,1,March
TXN0820,2024-03-23,Laptop,South,Retail,7,1778.33,CUST4980,12448.31,2024,3,1,March
TXN0628,2024-03-23,Monitor,East,Online,1,385.88,CUST4515,385.88,2024,3,1,March
TXN0341,2024-03-23,Laptop,North,Partner,5,945.66,CUST1189,4728.3,2024,3,1,March
TXN0437,2024-03-23,Laptop,South,Partner,3,1704.75,CUST4784,5114.25,2024,3,1,March
TXN0696,2024-03-24,Headphones,East,Online,9,291.94,CUST2319,2627.46,2024,3,1,March
TXN0244,2024-03-24,Keyboard,South,Partner,9,83.08,CUST2530,747.72,2024,3,1,March
TXN0436,2024-03-24,Keyboard,North,Online,8,118.79,CUST1153,950.32,2024,3,1,March
TXN0930,2024-03-25,Monitor,North,Online,6,317.43,CUST4855,1904.58,2024,3,1,March
TXN0345,2024-03-26,Headphones,North,Retail,7,154.04,CUST4802,1078.28,2024,3,1,March
TXN0376,2024-03-26,Laptop,South,Retail,6,1799.22,CUST2997,10795.32,2024,3,1,March
TXN0647,2024-03-26,Headphones,West,Online,3,81.85,CUST3677,245.55,2024,3,1,March
TXN0817,2024-03-27,Headphones,South,Online,7,81.57,CUST4598,570.99,2024,3,1,March
TXN0938,2024-03-27,Mouse,South,Retail,8,17.53,CUST3060,140.24,2024,3,1,March
TXN0920,2024-03-27,Monitor,North,Partner,5,581.63,CUST3622,2908.15,2024,3,1,March
TXN0355,2024-03-27,Monitor,North,Online,8,250.88,CUST3090,2007.04,2024,3,1,March
TXN0703,2024-03-29,Headphones,West,Retail,3,297.94,CUST4984,893.82,2024,3,1,March
TXN0007,2024-03-29,Mouse,West,Retail,2,40.05,CUST4417,80.1,2024,3,1,March
TXN0201,2024-03-29,Laptop,West,Partner,9,1932.87,CUST1046,17395.83,2024,3,1,March
TXN0808,2024-03-29,Mouse,South,Online,9,55.48,CUST3552,499.32,2024,3,1,March
TXN0916,2024-03-30,Keyboard,West,Online,6,109.48,CUST4293,656.88,2024,3,1,March
TXN0619,2024-03-31,Laptop,South,Partner,1,1904.92,CUST1389,1904.92,2024,3,1,March
TXN0061,2024-04-01,Keyboard,South,Partner,5,52.12,CUST2853,260.6,2024,4,2,April
TXN0119,2024-04-01,Mouse,South,Online,6,20.77,CUST4584,124.62,2024,4,2,April
TXN0484,2024-04-01,Monitor,East,Online,3,290.31,CUST3913,870.93,2024,4,2,April
TXN0452,2024-04-02,Laptop,North,Online,3,1035.32,CUST2314,3105.96,2024,4,2,April
TXN0901,2024-04-02,Mouse,North,Retail,9,72.18,CUST4567,649.62,2024,4,2,April
TXN0247,2024-04-02,Laptop,North,Partner,2,1713.23,CUST3434,3426.46,2024,4,2,April
TXN0277,2024-04-02,Mouse,South,Retail,9,43.01,CUST4347,387.09,2024,4,2,April
TXN0970,2024-04-03,Mouse,West,Retail,5,50.53,CUST1694,252.65,2024,4,2,April
TXN0141,2024-04-03,Keyboard,East,Online,5,129.67,CUST1235,648.35,2024,4,2,April
TXN0553,2024-04-03,Monitor,North,Partner,7,668.81,CUST4667,4681.67,2024,4,2,April
TXN0687,2024-04-03,Mouse,North,Online,2,52.22,CUST3789,104.44,2024,4,2,April
TXN0154,2024-04-04,Keyboard,East,Partner,4,95.13,CUST2834,380.52,2024,4,2,April
TXN0822,2024-04-04,Laptop,South,Retail,5,1266.47,CUST4672,6332.35,2024,4,2,April
TXN0252,2024-04-04,Mouse,South,Partner,9,70.91,CUST1101,638.19,2024,4,2,April
TXN0669,2024-04-05,Headphones,East,Partner,5,207.51,CUST2837,1037.55,2024,4,2,April
TXN0655,2024-04-05,Keyboard,East,Retail,2,109.4,CUST3608,218.8,2024,4,2,April
TXN0077,2024-04-05,Mouse,West,Partner,5,30.51,CUST4766,152.55,2024,4,2,April
TXN0963,2024-04-06,Laptop,South,Partner,3,1571.35,CUST1055,4714.05,2024,4,2,April
TXN0594,2024-04-06,Monitor,North,Online,5,241.01,CUST4130,1205.05,2024,4,2,April
TXN0176,2024-04-06,Keyboard,West,Partner,8,41.93,CUST3143,335.44,2024,4,2,April
TXN0858,2024-04-07,Laptop,North,Retail,2,1791.12,CUST3181,3582.24,2024,4,2,April
TXN0406,2024-04-07,Laptop,South,Retail,6,1816.3,CUST3889,10897.8,2024,4,2,April
TXN0608,2024-04-07,Monitor,South,Online,1,209.24,CUST2091,209.24,2024,4,2,April
TXN0769,2024-04-07,Monitor,East,Retail,7,699.76,CUST4973,4898.32,2024,4,2,April
TXN0206,2024-04-07,Headphones,East,Online,8,160.26,CUST4030,1282.08,2024,4,2,April
TXN0112,2024-04-07,Mouse,South,Retail,3,73.77,CUST2331,221.31,2024,4,2,April
TXN0104,2024-04-07,Laptop,North,Partner,1,816.41,CUST3870,816.41,2024,4,2,April
TXN0037,2024-04-08,Mouse,East,Retail,9,48.58,CUST1880,437.22,2024,4,2,April
TXN0761,2024-04-09,Monitor,East,Retail,8,391.79,CUST3428,3134.32,2024,4,2,April
TXN0311,2024-04-09,Keyboard,West,Partner,9,41.46,CUST4747,373.14,2024,4,2,April
TXN0394,2024-04-09,Laptop,South,Online,6,1070.27,CUST4435,6421.62,2024,4,2,April
TXN0071,2024-04-10,Keyboard,West,Partner,1,145.34,CUST4913,145.34,2024,4,2,April
TXN0487,2024-04-10,Laptop,West,Retail,3,958.85,CUST4162,2876.55,2024,4,2,April
TXN0853,2024-04-10,Keyboard,South,Partner,5,31.26,CUST3080,156.3,2024,4,2,April
TXN0521,2024-04-10,Laptop,South,Partner,9,1371.16,CUST2519,12340.44,2024,4,2,April
TXN0787,2024-04-10,Monitor,South,Partner,7,230.78,CUST4195,1615.46,2024,4,2,April
TXN0343,2024-04-10,Laptop,East,Online,4,1586.87,CUST1421,6347.48,2024,4,2,April
TXN0972,2024-04-10,Monitor,North,Retail,1,423.25,CUST4504,423.25,2024,4,2,April
TXN0058,2024-04-10,Keyboard,North,Online,5,84.87,CUST1773,424.35,2024,4,2,April
TXN0519,2024-04-10,Headphones,North,Partner,1,219.03,CUST1792,219.03,2024,4,2,April
TXN0529,2024-04-11,Headphones,West,Retail,6,227.35,CUST1397,1364.1,2024,4,2,April
TXN0198,2024-04-11,Monitor,South,Partner,5,254.95,CUST3864,1274.75,2024,4,2,April
TXN0728,2024-04-11,Mouse,North,Online,3,49.11,CUST2256,147.33,2024,4,2,April
TXN0767,2024-04-12,Monitor,South,Online,9,371.42,CUST3845,3342.78,2024,4,2,April
TXN0205,2024-04-12,Keyboard,North,Retail,8,57.6,CUST3235,460.8,2024,4,2,April
TXN0644,2024-04-12,Laptop,North,Online,1,1533.6,CUST3218,1533.6,2024,4,2,April
TXN0919,2024-04-13,Headphones,East,Partner,1,168.87,CUST4301,168.87,2024,4,2,April
TXN0374,2024-04-13,Keyboard,East,Retail,2,54.48,CUST4081,108.96,2024,4,2,April
TXN0671,2024-04-13,Headphones,North,Retail,2,261.22,CUST3378,522.44,2024,4,2,April
TXN0996,2024-04-15,Mouse,North,Retail,9,78.04,CUST3244,702.36,2024,4,2,April
TXN0789,2024-04-15,Keyboard,North,Online,7,48.47,CUST2683,339.29,2024,4,2,April
TXN0396,2024-04-15,Monitor,South,Retail,7,348.19,CUST4291,2437.33,2024,4,2,April
TXN0218,2024-04-16,Mouse,South,Online,9,27.12,CUST3306,244.08,2024,4,2,April
TXN0799,2024-04-16,Headphones,West,Online,7,74.89,CUST4398,524.23,2024,4,2,April
TXN0749,2024-04-17,Keyboard,West,Partner,8,65.56,CUST2468,524.48,2024,4,2,April
TXN0802,2024-04-17,Monitor,East,Retail,8,255.96,CUST4402,2047.68,2024,4,2,April
TXN0770,2024-04-17,Mouse,West,Online,7,47.53,CUST2641,332.71,2024,4,2,April
TXN0974,2024-04-17,Keyboard,North,Online,5,134.72,CUST3905,673.6,2024,4,2,April
TXN0024,2024-04-17,Monitor,West,Retail,7,737.65,CUST4302,5163.55,2024,4,2,April
TXN0356,2024-04-18,Laptop,East,Partner,8,842.69,CUST1147,6741.52,2024,4,2,April
TXN0899,2024-04-18,Laptop,North,Retail,4,1119.2,CUST1142,4476.8,2024,4,2,April
TXN0565,2024-04-18,Keyboard,West,Partner,7,143.57,CUST1551,1004.99,2024,4,2,April
TXN0679,2024-04-19,Keyboard,South,Partner,5,105.97,CUST1900,529.85,2024,4,2,April
TXN0336,2024-04-19,Laptop,West,Retail,4,1403.08,CUST2960,5612.32,2024,4,2,April
TXN0536,2024-04-20,Monitor,East,Online,8,669.92,CUST3776,5359.36,2024,4,2,April
TXN0373,2024-04-20,Headphones,West,Retail,8,111.67,CUST2284,893.36,2024,4,2,April
TXN0129,2024-04-20,Monitor,South,Retail,8,551.92,CUST3795,4415.36,2024,4,2,April
TXN0274,2024-04-20,Headphones,South,Partner,9,215.66,CUST4814,1940.94,2024,4,2,April
TXN0825,2024-04-20,Mouse,North,Online,2,58.71,CUST4397,117.42,2024,4,2,April
TXN0157,2024-04-20,Laptop,West,Partner,4,1902.5,CUST4204,7610.0,2024,4,2,April
TXN0718,2024-04-20,Keyboard,East,Online,7,30.77,CUST1155,215.39,2024,4,2,April
TXN0826,2024-04-21,Headphones,East,Online,3,234.63,CUST3756,703.89,2024,4,2,April
TXN0701,2024-04-21,Keyboard,West,Retail,7,39.87,CUST4318,279.09,2024,4,2,April
TXN0593,2024-04-22,Monitor,West,Retail,5,384.07,CUST4354,1920.35,2024,4,2,April
TXN0171,2024-04-22,Monitor,South,Retail,6,659.21,CUST4715,3955.26,2024,4,2,April
TXN0029,2024-04-22,Headphones,West,Online,1,294.15,CUST3267,294.15,2024,4,2,April
TXN0193,2024-04-22,Monitor,East,Partner,8,539.84,CUST1097,4318.72,2024,4,2,April
TXN0234,2024-04-22,Keyboard,North,Online,8,61.18,CUST1699,489.44,2024,4,2,April
TXN0592,2024-04-23,Keyboard,West,Partner,3,105.36,CUST1499,316.08,2024,4,2,April
TXN0876,2024-04-23,Headphones,East,Online,7,245.61,CUST1034,1719.27,2024,4,2,April
TXN0184,2024-04-24,Mouse,North,Retail,9,50.21,CUST1236,451.89,2024,4,2,April
TXN0915,2024-04-24,Mouse,South,Retail,3,26.51,CUST2212,79.53,2024,4,2,April
TXN0638,2024-04-24,Monitor,West,Retail,9,327.14,CUST4082,2944.26,2024,4,2,April
TXN0074,2024-04-24,Mouse,North,Partner,4,60.04,CUST2649,240.16,2024,4,2,April
TXN0040,2024-04-25,Laptop,East,Online,8,1742.41,CUST1103,13939.28,2024,4,2,April
TXN0837,2024-04-25,Laptop,South,Partner,1,1611.33,CUST2657,1611.33,2024,4,2,April
TXN0562,2024-04-25,Headphones,East,Retail,9,59.73,CUST2913,537.57,2024,4,2,April
TXN0722,2024-04-25,Keyboard,East,Online,4,91.18,CUST3526,364.72,2024,4,2,April
TXN0559,2024-04-26,Keyboard,South,Partner,3,144.11,CUST4674,432.33,2024,4,2,April
TXN0902,2024-04-26,Laptop,East,Partner,5,965.75,CUST4980,4828.75,2024,4,2,April
TXN0639,2024-04-27,Keyboard,East,Retail,8,103.96,CUST2532,831.68,2024,4,2,April
TXN0633,2024-04-27,Laptop,North,Retail,7,1805.49,CUST3518,12638.43,2024,4,2,April
TXN0978,2024-04-27,Headphones,East,Retail,4,251.27,CUST2212,1005.08,2024,4,2,April
TXN0506,2024-04-27,Keyboard,North,Partner,5,131.07,CUST3960,655.35,2024,4,2,April
TXN0361,2024-04-28,Laptop,South,Partner,2,1186.66,CUST4747,2373.32,2024,4,2,April
TXN0994,2024-04-28,Monitor,South,Retail,9,692.98,CUST2936,6236.82,2024,4,2,April
TXN0313,2024-04-28,Laptop,North,Online,6,828.37,CUST4726,4970.22,2024,4,2,April
TXN0626,2024-04-30,Mouse,North,Retail,6,22.27,CUST1924,133.62,2024,4,2,April
TXN0931,2024-05-01,Mouse,West,Online,1,33.0,CUST3550,33.0,2024,5,2,May
TXN0897,2024-05-01,Headphones,South,Online,7,230.77,CUST2033,1615.39,2024,5,2,May
TXN0907,2024-05-01,Headphones,East,Retail,7,176.11,CUST3745,1232.77,2024,5,2,May
TXN0223,2024-05-02,Keyboard,West,Online,9,35.33,CUST3785,317.97,2024,5,2,May
TXN0580,2024-05-02,Laptop,North,Online,6,1736.88,CUST2214,10421.28,2024,5,2,May
TXN0815,2024-05-02,Headphones,West,Partner,5,215.46,CUST4175,1077.3,2024,5,2,May
TXN0848,2024-05-02,Monitor,East,Partner,9,437.79,CUST1507,3940.11,2024,5,2,May
TXN0060,2024-05-03,Headphones,South,Retail,3,248.8,CUST1830,746.4,2024,5,2,May
TXN0479,2024-05-03,Mouse,North,Partner,7,43.87,CUST1785,307.09,2024,5,2,May
TXN0999,2024-05-03,Keyboard,North,Retail,5,126.62,CUST2031,633.1,2024,5,2,May
TXN0146,2024-05-04,Keyboard,South,Online,7,82.65,CUST1992,578.55,2024,5,2,May
TXN0677,2024-05-04,Headphones,South,Partner,9,67.33,CUST2564,605.97,2024,5,2,May
TXN0408,2024-05-04,Keyboard,East,Retail,8,124.44,CUST2317,995.52,2024,5,2,May
TXN0637,2024-05-05,Laptop,East,Retail,3,1089.84,CUST2673,3269.52,2024,5,2,May
TXN0367,2024-05-05,Headphones,West,Retail,8,189.45,CUST1662,1515.6,2024,5,2,May
TXN0116,2024-05-05,Headphones,East,Partner,3,184.32,CUST4734,552.96,2024,5,2,May
TXN0914,2024-05-05,Headphones,North,Partner,1,217.34,CUST3378,217.34,2024,5,2,May
TXN0474,2024-05-05,Keyboard,East,Online,1,111.25,CUST3372,111.25,2024,5,2,May
TXN0393,2024-05-05,Monitor,East,Partner,2,745.63,CUST3839,1491.26,2024,5,2,May
TXN0050,2024-05-07,Keyboard,South,Online,6,113.52,CUST2895,681.12,2024,5,2,May
TXN0187,2024-05-07,Mouse,North,Retail,4,47.38,CUST3081,189.52,2024,5,2,May
TXN0597,2024-05-07,Keyboard,South,Online,8,148.84,CUST2815,1190.72,2024,5,2,May
TXN0044,2024-05-07,Keyboard,North,Partner,3,106.36,CUST2045,319.08,2024,5,2,May
TXN0352,2024-05-08,Laptop,South,Online,1,1809.05,CUST4897,1809.05,2024,5,2,May
TXN0062,2024-05-08,Laptop,South,Retail,1,1330.82,CUST2119,1330.82,2024,5,2,May
TXN0997,2024-05-09,Keyboard,West,Online,2,52.05,CUST1636,104.1,2024,5,2,May
TXN0965,2024-05-09,Mouse,East,Retail,7,41.85,CUST4672,292.95,2024,5,2,May
TXN0006,2024-05-10,Laptop,North,Partner,7,1004.63,CUST3214,7032.41,2024,5,2,May
TXN0741,2024-05-11,Monitor,East,Partner,1,464.03,CUST2601,464.03,2024,5,2,May
TXN0932,2024-05-11,Mouse,North,Partner,2,63.51,CUST3640,127.02,2024,5,2,May
TXN0566,2024-05-11,Headphones,East,Retail,4,174.38,CUST3675,697.52,2024,5,2,May
TXN0136,2024-05-12,Monitor,South,Retail,6,626.57,CUST1723,3759.42,2024,5,2,May
TXN0636,2024-05-13,Headphones,West,Retail,6,185.34,CUST4485,1112.04,2024,5,2,May
TXN0870,2024-05-13,Keyboard,East,Online,9,47.11,CUST2164,423.99,2024,5,2,May
TXN0325,2024-05-15,Laptop,West,Partner,7,1279.18,CUST4175,8954.26,2024,5,2,May
TXN0153,2024-05-15,Headphones,North,Online,4,230.56,CUST1129,922.24,2024,5,2,May
TXN0657,2024-05-15,Monitor,North,Retail,5,512.64,CUST2853,2563.2,2024,5,2,May
TXN0026,2024-05-16,Keyboard,South,Online,1,44.38,CUST1683,44.38,2024,5,2,May
TXN0609,2024-05-16,Laptop,West,Partner,1,1064.58,CUST4144,1064.58,2024,5,2,May
TXN0736,2024-05-16,Monitor,East,Partner,8,404.86,CUST3796,3238.88,2024,5,2,May
TXN0698,2024-05-17,Monitor,East,Online,4,604.4,CUST1035,2417.6,2024,5,2,May
TXN0649,2024-05-18,Keyboard,North,Retail,9,126.42,CUST3482,1137.78,2024,5,2,May
TXN0138,2024-05-18,Headphones,East,Online,3,62.96,CUST1689,188.88,2024,5,2,May
TXN0983,2024-05-19,Laptop,South,Online,8,1616.81,CUST3795,12934.48,2024,5,2,May
TXN0903,2024-05-20,Monitor,West,Online,8,224.17,CUST1198,1793.36,2024,5,2,May
TXN0337,2024-05-20,Laptop,North,Retail,8,1373.88,CUST1963,10991.04,2024,5,2,May
TXN0685,2024-05-21,Headphones,South,Retail,1,202.42,CUST2066,202.42,2024,5,2,May
TXN0331,2024-05-22,Keyboard,South,Online,4,55.02,CUST4310,220.08,2024,5,2,May
TXN0756,2024-05-22,Headphones,South,Online,1,118.94,CUST2015,118.94,2024,5,2,May
TXN0096,2024-05-23,Keyboard,East,Online,8,77.34,CUST4479,618.72,2024,5,2,May
TXN0646,2024-05-23,Monitor,North,Retail,9,521.39,CUST4904,4692.51,2024,5,2,May
TXN0147,2024-05-24,Laptop,North,Partner,7,1438.23,CUST1820,10067.61,2024,5,2,May
TXN0968,2024-05-24,Laptop,West,Online,9,807.26,CUST1888,7265.34,2024,5,2,May
TXN0504,2024-05-24,Mouse,East,Retail,6,18.26,CUST1449,109.56,2024,5,2,May
TXN0755,2024-05-24,Headphones,South,Online,6,191.42,CUST4597,1148.52,2024,5,2,May
TXN0759,2024-05-25,Mouse,West,Online,9,61.46,CUST3060,553.14,2024,5,2,May
TXN0892,2024-05-25,Keyboard,West,Online,4,78.88,CUST2772,315.52,2024,5,2,May
TXN0812,2024-05-25,Headphones,West,Retail,2,279.32,CUST1331,558.64,2024,5,2,May
TXN0461,2024-05-25,Mouse,South,Retail,1,44.66,CUST1593,44.66,2024,5,2,May
TXN0084,2024-05-25,Keyboard,East,Online,1,42.13,CUST2542,42.13,2024,5,2,May
TXN0469,2024-05-25,Keyboard,West,Partner,7,95.1,CUST3021,665.7,2024,5,2,May
TXN0462,2024-05-26,Headphones,East,Online,1,151.06,CUST4826,151.06,2024,5,2,May
TXN0590,2024-05-26,Keyboard,West,Partner,9,48.87,CUST1451,439.83,2024,5,2,May
TXN0447,2024-05-26,Laptop,South,Online,6,1528.51,CUST4890,9171.06,2024,5,2,May
TXN0794,2024-05-27,Laptop,North,Retail,2,854.35,CUST2878,1708.7,2024,5,2,May
TXN0035,2024-05-27,Keyboard,West,Partner,4,142.86,CUST2959,571.44,2024,5,2,May
TXN0984,2024-05-28,Mouse,West,Retail,9,38.27,CUST4276,344.43,2024,5,2,May
TXN0680,2024-05-28,Keyboard,West,Retail,4,133.33,CUST3217,533.32,2024,5,2,May
TXN0742,2024-05-28,Keyboard,North,Online,4,44.39,CUST3493,177.56,2024,5,2,May
TXN0003,2024-05-29,Keyboard,North,Retail,8,129.89,CUST3853,1039.12,2024,5,2,May
TXN0057,2024-05-29,Headphones,South,Retail,6,112.56,CUST1681,675.36,2024,5,2,May
TXN0861,2024-05-29,Headphones,West,Online,7,246.94,CUST4124,1728.58,2024,5,2,May
TXN0905,2024-05-30,Headphones,North,Retail,3,271.57,CUST1734,814.71,2024,5,2,May
TXN0591,2024-05-30,Monitor,South,Retail,3,500.91,CUST1839,1502.73,2024,5,2,May
TXN0971,2024-05-31,Headphones,South,Online,1,98.86,CUST1495,98.86,2024,5,2,May
TXN0384,2024-05-31,Keyboard,North,Retail,6,55.18,CUST1867,331.08,2024,5,2,May
TXN0497,2024-05-31,Laptop,East,Retail,9,1752.07,CUST4234,15768.63,2024,5,2,May
TXN0534,2024-06-01,Headphones,North,Partner,7,137.02,CUST4709,959.14,2024,6,2,June
TXN0299,2024-06-01,Mouse,West,Online,2,49.23,CUST4022,98.46,2024,6,2,June
TXN0364,2024-06-01,Laptop,West,Partner,9,996.42,CUST3461,8967.78,2024,6,2,June
TXN0401,2024-06-02,Headphones,West,Retail,9,173.62,CUST3068,1562.58,2024,6,2,June
TXN0959,2024-06-02,Headphones,East,Partner,3,98.0,CUST1545,294.0,2024,6,2,June
TXN0379,2024-06-02,Keyboard,North,Retail,5,30.23,CUST1870,151.15,2024,6,2,June
TXN0832,2024-06-02,Keyboard,South,Partner,6,92.79,CUST4346,556.74,2024,6,2,June
TXN0477,2024-06-03,Mouse,South,Retail,3,16.52,CUST2850,49.56,2024,6,2,June
TXN0666,2024-06-04,Headphones,North,Retail,4,255.94,CUST2609,1023.76,2024,6,2,June
TXN0811,2024-06-04,Headphones,West,Online,7,175.07,CUST4977,1225.49,2024,6,2,June
TXN0166,2024-06-04,Mouse,South,Online,1,26.57,CUST2107,26.57,2024,6,2,June
TXN0555,2024-06-04,Headphones,South,Partner,5,105.52,CUST2787,527.6,2024,6,2,June
TXN0242,2024-06-05,Headphones,East,Retail,4,213.63,CUST2562,854.52,2024,6,2,June
TXN0150,2024-06-05,Keyboard,South,Online,1,114.84,CUST4482,114.84,2024,6,2,June
TXN0448,2024-06-05,Monitor,East,Partner,7,279.02,CUST1771,1953.14,2024,6,2,June
TXN0935,2024-06-05,Mouse,South,Partner,1,62.06,CUST4008,62.06,2024,6,2,June
TXN0304,2024-06-05,Keyboard,East,Partner,8,67.36,CUST2443,538.88,2024,6,2,June
TXN0383,2024-06-06,Mouse,South,Partner,3,47.39,CUST2901,142.17,2024,6,2,June
TXN0507,2024-06-06,Laptop,North,Online,5,1057.55,CUST4858,5287.75,2024,6,2,June
TXN0810,2024-06-07,Monitor,North,Retail,2,230.25,CUST3571,460.5,2024,6,2,June
TXN0766,2024-06-07,Keyboard,North,Partner,2,136.34,CUST4575,272.68,2024,6,2,June
TXN0118,2024-06-08,Headphones,South,Online,3,60.22,CUST2028,180.66,2024,6,2,June
TXN0400,2024-06-08,Mouse,West,Partner,4,23.32,CUST1943,93.28,2024,6,2,June
TXN0872,2024-06-08,Keyboard,East,Online,8,108.36,CUST3779,866.88,2024,6,2,June
TXN0635,2024-06-08,Headphones,South,Partner,7,157.4,CUST4318,1101.8,2024,6,2,June
TXN0314,2024-06-08,Keyboard,East,Retail,9,76.91,CUST3556,692.19,2024,6,2,June
TXN0027,2024-06-08,Keyboard,West,Online,4,73.64,CUST2520,294.56,2024,6,2,June
TXN0093,2024-06-08,Headphones,North,Online,5,60.85,CUST4284,304.25,2024,6,2,June
TXN0232,2024-06-08,Mouse,East,Online,7,25.45,CUST3403,178.15,2024,6,2,June
TXN0043,2024-06-09,Monitor,West,Online,5,307.29,CUST2527,1536.45,2024,6,2,June
TXN0291,2024-06-09,Laptop,North,Online,9,908.58,CUST4230,8177.22,2024,6,2,June
TXN0516,2024-06-10,Laptop,West,Retail,3,1320.58,CUST3224,3961.74,2024,6,2,June
TXN0173,2024-06-10,Mouse,West,Online,7,78.63,CUST2823,550.41,2024,6,2,June
TXN0578,2024-06-10,Keyboard,East,Retail,9,62.26,CUST4551,560.34,2024,6,2,June
TXN0530,2024-06-11,Mouse,North,Partner,6,49.51,CUST4253,297.06,2024,6,2,June
TXN0235,2024-06-11,Headphones,West,Retail,3,240.26,CUST1585,720.78,2024,6,2,June
TXN0426,2024-06-11,Laptop,West,Retail,9,1687.61,CUST1337,15188.49,2024,6,2,June
TXN0276,2024-06-12,Laptop,North,Partner,3,1330.43,CUST3639,3991.29,2024,6,2,June
TXN0618,2024-06-12,Keyboard,East,Partner,8,54.03,CUST2993,432.24,2024,6,2,June
TXN0814,2024-06-12,Laptop,West,Retail,6,1154.99,CUST1479,6929.94,2024,6,2,June
TXN0840,2024-06-12,Laptop,South,Retail,3,1589.72,CUST1272,4769.16,2024,6,2,June
TXN0188,2024-06-13,Laptop,North,Retail,7,927.89,CUST1341,6495.23,2024,6,2,June
TXN0921,2024-06-13,Monitor,North,Partner,1,476.54,CUST2412,476.54,2024,6,2,June
TXN0795,2024-06-13,Keyboard,South,Retail,4,62.48,CUST2825,249.92,2024,6,2,June
TXN0177,2024-06-13,Keyboard,South,Online,7,137.56,CUST3054,962.92,2024,6,2,June
TXN0602,2024-06-14,Mouse,South,Retail,7,20.0,CUST1668,140.0,2024,6,2,June
TXN0113,2024-06-14,Laptop,North,Partner,7,1428.32,CUST3128,9998.24,2024,6,2,June
TXN0681,2024-06-14,Monitor,North,Retail,2,417.46,CUST3741,834.92,2024,6,2,June
TXN0472,2024-06-15,Laptop,South,Online,7,971.11,CUST2591,6797.77,2024,6,2,June
TXN0881,2024-06-16,Keyboard,West,Retail,7,98.23,CUST3709,687.61,2024,6,2,June
TXN0085,2024-06-16,Headphones,South,Online,2,272.97,CUST2217,545.94,2024,6,2,June
TXN0614,2024-06-16,Headphones,East,Online,5,269.37,CUST2503,1346.85,2024,6,2,June
TXN0891,2024-06-16,Mouse,East,Partner,5,45.66,CUST4735,228.3,2024,6,2,June
TXN0844,2024-06-17,Laptop,South,Retail,9,1522.17,CUST1380,13699.53,2024,6,2,June
TXN0960,2024-06-17,Laptop,North,Partner,7,1864.96,CUST3079,13054.72,2024,6,2,June
TXN0818,2024-06-17,Monitor,South,Partner,2,390.96,CUST4866,781.92,2024,6,2,June
TXN0886,2024-06-18,Keyboard,East,Retail,4,113.92,CUST2370,455.68,2024,6,2,June
TXN0224,2024-06-18,Monitor,North,Partner,8,758.95,CUST2418,6071.6,2024,6,2,June
TXN0053,2024-06-18,Headphones,East,Retail,3,114.05,CUST3455,342.15,2024,6,2,June
TXN0678,2024-06-19,Keyboard,South,Retail,9,57.47,CUST3258,517.23,2024,6,2,June
TXN0047,2024-06-20,Laptop,West,Retail,5,1860.19,CUST4963,9300.95,2024,6,2,June
TXN0856,2024-06-20,Headphones,South,Retail,3,97.32,CUST4793,291.96,2024,6,2,June
TXN0018,2024-06-20,Keyboard,West,Retail,3,86.67,CUST3660,260.01,2024,6,2,June
TXN0385,2024-06-21,Keyboard,West,Retail,7,118.26,CUST3528,827.82,2024,6,2,June
TXN0813,2024-06-21,Monitor,West,Retail,4,563.29,CUST2119,2253.16,2024,6,2,June
TXN0438,2024-06-21,Monitor,East,Retail,9,382.85,CUST2398,3445.65,2024,6,2,June
TXN0882,2024-06-21,Monitor,South,Partner,7,543.07,CUST3841,3801.49,2024,6,2,June
TXN0348,2024-06-21,Mouse,West,Online,3,32.28,CUST3442,96.84,2024,6,2,June
TXN0503,2024-06-21,Headphones,West,Retail,3,180.64,CUST2551,541.92,2024,6,2,June
TXN0257,2024-06-22,Mouse,South,Retail,2,17.68,CUST1427,35.36,2024,6,2,June
TXN0922,2024-06-23,Keyboard,South,Partner,4,86.25,CUST2391,345.0,2024,6,2,June
TXN0865,2024-06-23,Monitor,West,Partner,5,215.49,CUST2159,1077.45,2024,6,2,June
TXN0279,2024-06-23,Headphones,North,Online,1,261.04,CUST2579,261.04,2024,6,2,June
TXN0640,2024-06-23,Laptop,North,Retail,1,1449.09,CUST3377,1449.09,2024,6,2,June
TXN0475,2024-06-24,Mouse,West,Retail,1,21.84,CUST2648,21.84,2024,6,2,June
TXN0670,2024-06-24,Mouse,South,Online,8,28.07,CUST4575,224.56,2024,6,2,June
TXN0809,2024-06-24,Mouse,West,Partner,2,42.72,CUST4707,85.44,2024,6,2,June
TXN0967,2024-06-24,Headphones,East,Online,6,100.54,CUST1343,603.24,2024,6,2,June
TXN0167,2024-06-25,Laptop,West,Retail,6,902.42,CUST2724,5414.52,2024,6,2,June
TXN0285,2024-06-26,Keyboard,East,Retail,4,45.09,CUST2661,180.36,2024,6,2,June
TXN0517,2024-06-27,Monitor,North,Online,7,496.29,CUST1928,3474.03,2024,6,2,June
TXN0691,2024-06-27,Laptop,West,Online,1,1547.16,CUST3678,1547.16,2024,6,2,June
TXN0723,2024-06-28,Headphones,South,Online,9,159.54,CUST2717,1435.86,2024,6,2,June
TXN0746,2024-06-28,Laptop,North,Partner,5,918.48,CUST2716,4592.4,2024,6,2,June
TXN0248,2024-06-29,Headphones,West,Retail,3,96.36,CUST1526,289.08,2024,6,2,June
TXN0230,2024-06-29,Laptop,South,Partner,6,1027.07,CUST3180,6162.42,2024,6,2,June
TXN0672,2024-06-30,Laptop,North,Retail,4,1883.71,CUST1956,7534.84,2024,6,2,June
TXN0683,2024-06-30,Laptop,South,Retail,3,1697.35,CUST3886,5092.05,2024,6,2,June
TXN0753,2024-06-30,Mouse,South,Online,1,19.97,CUST3658,19.97,2024,6,2,June
TXN0939,2024-06-30,Mouse,North,Online,5,59.62,CUST1188,298.1,2024,6,2,June
TXN0585,2024-07-01,Headphones,West,Online,1,145.13,CUST4854,145.13,2024,7,3,July
TXN0986,2024-07-01,Keyboard,West,Retail,4,80.19,CUST4410,320.76,2024,7,3,July
TXN0910,2024-07-01,Keyboard,South,Online,3,144.76,CUST4590,434.28,2024,7,3,July
TXN0751,2024-07-02,Headphones,East,Retail,7,78.93,CUST3904,552.51,2024,7,3,July
TXN0731,2024-07-02,Keyboard,South,Retail,6,143.66,CUST4442,861.96,2024,7,3,July
TXN0211,2024-07-03,Monitor,West,Partner,9,660.96,CUST1920,5948.64,2024,7,3,July
TXN0934,2024-07-03,Headphones,South,Online,4,178.24,CUST4797,712.96,2024,7,3,July
TXN0958,2024-07-03,Keyboard,North,Online,2,121.62,CUST4680,243.24,2024,7,3,July
TXN0624,2024-07-04,Keyboard,North,Online,4,100.83,CUST1134,403.32,2024,7,3,July
TXN0857,2024-07-04,Monitor,North,Partner,4,319.65,CUST4267,1278.6,2024,7,3,July
TXN0734,2024-07-04,Keyboard,West,Partner,8,67.58,CUST1795,540.64,2024,7,3,July
TXN0378,2024-07-04,Headphones,West,Partner,4,230.52,CUST3583,922.08,2024,7,3,July
TXN0798,2024-07-05,Mouse,West,Retail,2,55.22,CUST4856,110.44,2024,7,3,July
TXN0622,2024-07-06,Keyboard,South,Retail,8,83.11,CUST4323,664.88,2024,7,3,July
TXN0709,2024-07-06,Laptop,South,Retail,6,1075.79,CUST2574,6454.74,2024,7,3,July
TXN0049,2024-07-06,Keyboard,North,Partner,5,52.91,CUST2184,264.55,2024,7,3,July
TXN0869,2024-07-06,Laptop,South,Retail,9,999.29,CUST4862,8993.61,2024,7,3,July
TXN0847,2024-07-07,Mouse,East,Online,8,67.2,CUST2969,537.6,2024,7,3,July
TXN0719,2024-07-07,Laptop,West,Partner,2,1712.51,CUST4582,3425.02,2024,7,3,July
TXN0893,2024-07-08,Keyboard,North,Online,1,133.4,CUST1490,133.4,2024,7,3,July
TXN0191,2024-07-08,Mouse,South,Retail,2,25.81,CUST2386,51.62,2024,7,3,July
TXN0012,2024-07-08,Laptop,West,Online,2,1447.63,CUST1791,2895.26,2024,7,3,July
TXN0918,2024-07-09,Headphones,West,Retail,4,206.24,CUST1386,824.96,2024,7,3,July
TXN0928,2024-07-10,Headphones,North,Online,6,65.78,CUST4418,394.68,2024,7,3,July
TXN0004,2024-07-10,Mouse,West,Online,1,34.78,CUST1021,34.78,2024,7,3,July
TXN0238,2024-07-11,Monitor,South,Retail,8,227.45,CUST3353,1819.6,2024,7,3,July
TXN0942,2024-07-11,Mouse,West,Retail,1,70.74,CUST3410,70.74,2024,7,3,July
TXN0684,2024-07-11,Monitor,East,Retail,6,547.84,CUST3768,3287.04,2024,7,3,July
TXN0589,2024-07-11,Headphones,North,Partner,6,79.62,CUST4311,477.72,2024,7,3,July
TXN0878,2024-07-11,Laptop,East,Partner,7,1534.73,CUST4511,10743.11,2024,7,3,July
TXN0288,2024-07-11,Mouse,East,Partner,2,30.87,CUST4609,61.74,2024,7,3,July
TXN0473,2024-07-11,Laptop,East,Partner,2,1564.28,CUST2450,3128.56,2024,7,3,July
TXN0501,2024-07-12,Keyboard,East,Partner,9,116.78,CUST4455,1051.02,2024,7,3,July
TXN0765,2024-07-12,Headphones,East,Partner,6,129.42,CUST4854,776.52,2024,7,3,July
TXN0803,2024-07-13,Headphones,West,Partner,1,285.98,CUST4888,285.98,2024,7,3,July
TXN0866,2024-07-13,Headphones,West,Online,5,62.17,CUST3062,310.85,2024,7,3,July
TXN0105,2024-07-15,Monitor,East,Online,6,747.9,CUST4094,4487.4,2024,7,3,July
TXN0414,2024-07-15,Mouse,East,Partner,8,27.14,CUST1007,217.12,2024,7,3,July
TXN0132,2024-07-16,Headphones,South,Partner,4,262.7,CUST4517,1050.8,2024,7,3,July
TXN0582,2024-07-16,Keyboard,North,Partner,7,45.02,CUST1508,315.14,2024,7,3,July
TXN0387,2024-07-16,Laptop,West,Partner,6,1989.35,CUST3171,11936.1,2024,7,3,July
TXN0165,2024-07-16,Monitor,North,Online,1,668.3,CUST2002,668.3,2024,7,3,July
TXN0390,2024-07-16,Headphones,North,Partner,3,285.17,CUST2449,855.51,2024,7,3,July
TXN0648,2024-07-17,Laptop,South,Online,3,1784.72,CUST1428,5354.16,2024,7,3,July
TXN0540,2024-07-17,Mouse,South,Online,9,65.79,CUST4372,592.11,2024,7,3,July
TXN0712,2024-07-18,Headphones,East,Retail,9,246.41,CUST2567,2217.69,2024,7,3,July
TXN0099,2024-07-19,Laptop,North,Online,4,1523.34,CUST3799,6093.36,2024,7,3,July
TXN0445,2024-07-19,Laptop,North,Online,4,1842.26,CUST1481,7369.04,2024,7,3,July
TXN0480,2024-07-19,Monitor,North,Online,4,218.56,CUST4807,874.24,2024,7,3,July
TXN0599,2024-07-20,Headphones,North,Retail,6,186.95,CUST2435,1121.7,2024,7,3,July
TXN0183,2024-07-20,Laptop,South,Partner,7,1759.83,CUST3768,12318.81,2024,7,3,July
TXN0089,2024-07-20,Keyboard,South,Partner,7,82.13,CUST1172,574.91,2024,7,3,July
TXN0380,2024-07-20,Headphones,South,Retail,4,95.33,CUST1940,381.32,2024,7,3,July
TXN0255,2024-07-20,Laptop,West,Retail,1,1421.25,CUST3848,1421.25,2024,7,3,July
TXN0627,2024-07-20,Headphones,West,Online,2,270.42,CUST3668,540.84,2024,7,3,July
TXN0266,2024-07-20,Monitor,East,Partner,6,218.39,CUST1352,1310.34,2024,7,3,July
TXN0066,2024-07-22,Monitor,West,Retail,5,484.08,CUST2312,2420.4,2024,7,3,July
TXN0239,2024-07-22,Headphones,West,Partner,3,198.6,CUST3507,595.8,2024,7,3,July
TXN0538,2024-07-23,Monitor,East,Partner,4,774.67,CUST1392,3098.68,2024,7,3,July
TXN0576,2024-07-24,Keyboard,North,Retail,6,78.69,CUST4599,472.14,2024,7,3,July
TXN0233,2024-07-24,Mouse,North,Online,7,27.55,CUST2548,192.85,2024,7,3,July
TXN0009,2024-07-24,Keyboard,North,Retail,8,120.64,CUST2021,965.12,2024,7,3,July
TXN0560,2024-07-24,Mouse,North,Retail,4,40.11,CUST1692,160.44,2024,7,3,July
TXN0667,2024-07-25,Headphones,West,Partner,7,96.93,CUST2363,678.51,2024,7,3,July
TXN0280,2024-07-25,Monitor,South,Partner,4,361.85,CUST4713,1447.4,2024,7,3,July
TXN0948,2024-07-25,Laptop,South,Retail,3,1561.89,CUST4986,4685.67,2024,7,3,July
TXN0020,2024-07-25,Keyboard,East,Retail,3,33.77,CUST3790,101.31,2024,7,3,July
TXN0841,2024-07-26,Keyboard,South,Retail,4,78.08,CUST3126,312.32,2024,7,3,July
TXN0754,2024-07-26,Headphones,West,Retail,1,132.04,CUST3649,132.04,2024,7,3,July
TXN0868,2024-07-26,Keyboard,South,Online,9,142.43,CUST4416,1281.87,2024,7,3,July
TXN0658,2024-07-27,Mouse,East,Online,3,55.33,CUST4612,165.99,2024,7,3,July
TXN0929,2024-07-27,Mouse,North,Retail,9,53.7,CUST4164,483.3,2024,7,3,July
TXN0735,2024-07-28,Laptop,West,Online,8,1926.8,CUST3417,15414.4,2024,7,3,July
TXN0208,2024-07-28,Headphones,North,Online,2,56.1,CUST4241,112.2,2024,7,3,July
TXN0265,2024-07-29,Mouse,South,Online,8,78.36,CUST4714,626.88,2024,7,3,July
TXN0946,2024-07-30,Keyboard,South,Online,3,69.62,CUST3657,208.86,2024,7,3,July
TXN0823,2024-07-30,Laptop,West,Partner,7,1984.8,CUST2367,13893.6,2024,7,3,July
TXN0821,2024-07-30,Keyboard,East,Online,9,96.37,CUST2534,867.33,2024,7,3,July
TXN0632,2024-07-31,Laptop,North,Online,6,1464.05,CUST3594,8784.3,2024,7,3,July
TXN0365,2024-07-31,Monitor,West,Partner,1,587.49,CUST3169,587.49,2024,7,3,July
TXN0579,2024-08-01,Mouse,North,Online,4,76.7,CUST2134,306.8,2024,8,3,August
TXN0537,2024-08-01,Headphones,East,Partner,9,284.34,CUST2249,2559.06,2024,8,3,August
TXN0073,2024-08-02,Keyboard,North,Retail,8,76.25,CUST4017,610.0,2024,8,3,August
TXN0002,2024-08-02,Mouse,East,Partner,8,36.69,CUST3919,293.52,2024,8,3,August
TXN0221,2024-08-03,Laptop,East,Partner,6,1547.52,CUST1892,9285.12,2024,8,3,August
TXN0491,2024-08-03,Keyboard,East,Partner,9,73.47,CUST4536,661.23,2024,8,3,August
TXN0079,2024-08-04,Monitor,South,Online,3,433.52,CUST1395,1300.56,2024,8,3,August
TXN0284,2024-08-04,Mouse,South,Online,9,52.71,CUST4255,474.39,2024,8,3,August
TXN0518,2024-08-04,Monitor,West,Partner,7,352.54,CUST1234,2467.78,2024,8,3,August
TXN0013,2024-08-04,Mouse,West,Online,9,34.26,CUST4884,308.34,2024,8,3,August
TXN0031,2024-08-05,Monitor,West,Retail,7,603.28,CUST1202,4222.96,2024,8,3,August
TXN0492,2024-08-06,Keyboard,South,Partner,4,126.79,CUST1162,507.16,2024,8,3,August
TXN0434,2024-08-06,Keyboard,East,Partner,2,83.65,CUST3597,167.3,2024,8,3,August
TXN0065,2024-08-07,Headphones,North,Partner,1,127.85,CUST1957,127.85,2024,8,3,August
TXN0134,2024-08-07,Mouse,East,Partner,6,78.38,CUST2629,470.28,2024,8,3,August
TXN0912,2024-08-07,Mouse,West,Partner,1,34.66,CUST1972,34.66,2024,8,3,August
TXN0750,2024-08-07,Headphones,South,Retail,9,57.94,CUST3745,521.46,2024,8,3,August
TXN0098,2024-08-07,Monitor,North,Online,4,791.73,CUST3549,3166.92,2024,8,3,August
TXN0727,2024-08-08,Laptop,North,Online,8,1914.97,CUST1389,15319.76,2024,8,3,August
TXN0653,2024-08-08,Mouse,East,Partner,3,37.78,CUST2855,113.34,2024,8,3,August
TXN0567,2024-08-08,Headphones,West,Online,3,198.45,CUST2581,595.35,2024,8,3,August
TXN0264,2024-08-08,Headphones,East,Online,7,60.92,CUST4883,426.44,2024,8,3,August
TXN0851,2024-08-09,Monitor,West,Retail,5,317.12,CUST3300,1585.6,2024,8,3,August
TXN0249,2024-08-09,Laptop,South,Partner,1,1528.77,CUST2875,1528.77,2024,8,3,August
TXN0973,2024-08-10,Headphones,West,Retail,4,195.78,CUST1558,783.12,2024,8,3,August
TXN0068,2024-08-10,Monitor,South,Retail,3,501.88,CUST3816,1505.64,2024,8,3,August
TXN0995,2024-08-10,Laptop,East,Online,7,1520.7,CUST2420,10644.9,2024,8,3,August
TXN0421,2024-08-10,Mouse,East,Partner,5,51.38,CUST3400,256.9,2024,8,3,August
TXN0083,2024-08-10,Mouse,South,Online,3,72.7,CUST1234,218.1,2024,8,3,August
TXN0860,2024-08-11,Monitor,West,Partner,7,487.0,CUST1953,3409.0,2024,8,3,August
TXN0236,2024-08-11,Laptop,South,Partner,5,923.01,CUST2219,4615.05,2024,8,3,August
TXN0650,2024-08-11,Mouse,West,Retail,6,40.31,CUST3232,241.86,2024,8,3,August
TXN0368,2024-08-11,Monitor,East,Retail,6,790.8,CUST3581,4744.8,2024,8,3,August
TXN0030,2024-08-11,Headphones,North,Online,3,220.18,CUST2076,660.54,2024,8,3,August
TXN0227,2024-08-11,Headphones,South,Online,3,256.17,CUST2591,768.51,2024,8,3,August
TXN0363,2024-08-13,Monitor,East,Retail,1,756.85,CUST3230,756.85,2024,8,3,August
TXN0225,2024-08-13,Keyboard,West,Partner,6,61.17,CUST4972,367.02,2024,8,3,August
TXN0241,2024-08-13,Mouse,North,Online,3,44.34,CUST1038,133.02,2024,8,3,August
TXN0328,2024-08-13,Monitor,North,Retail,4,381.88,CUST3161,1527.52,2024,8,3,August
TXN0545,2024-08-13,Keyboard,East,Online,5,145.48,CUST4461,727.4,2024,8,3,August
TXN0745,2024-08-14,Headphones,South,Partner,3,152.71,CUST3185,458.13,2024,8,3,August
TXN0729,2024-08-14,Laptop,East,Partner,8,836.12,CUST4186,6688.96,2024,8,3,August
TXN0413,2024-08-14,Mouse,South,Partner,4,44.36,CUST3426,177.44,2024,8,3,August
TXN0300,2024-08-15,Monitor,East,Partner,7,687.79,CUST3545,4814.53,2024,8,3,August
TXN0854,2024-08-16,Mouse,West,Retail,7,78.86,CUST1404,552.02,2024,8,3,August
TXN0523,2024-08-16,Mouse,North,Partner,2,28.78,CUST1328,57.56,2024,8,3,August
TXN0768,2024-08-17,Mouse,South,Retail,5,65.76,CUST1422,328.8,2024,8,3,August
TXN0845,2024-08-17,Mouse,East,Online,1,25.56,CUST2211,25.56,2024,8,3,August
TXN0532,2024-08-17,Mouse,North,Partner,1,48.88,CUST3745,48.88,2024,8,3,August
TXN0833,2024-08-17,Monitor,North,Retail,1,786.22,CUST1327,786.22,2024,8,3,August
TXN0693,2024-08-18,Monitor,North,Partner,1,601.59,CUST3857,601.59,2024,8,3,August
TXN0016,2024-08-18,Mouse,South,Online,7,70.25,CUST1779,491.75,2024,8,3,August
TXN0327,2024-08-18,Mouse,West,Online,5,68.69,CUST4621,343.45,2024,8,3,August
TXN0816,2024-08-18,Keyboard,East,Retail,6,112.16,CUST2360,672.96,2024,8,3,August
TXN0357,2024-08-19,Headphones,South,Partner,4,137.43,CUST1398,549.72,2024,8,3,August
TXN0353,2024-08-19,Monitor,North,Partner,7,595.61,CUST3773,4169.27,2024,8,3,August
TXN0500,2024-08-19,Headphones,West,Online,9,241.53,CUST4747,2173.77,2024,8,3,August
TXN0120,2024-08-20,Headphones,West,Retail,2,82.19,CUST2753,164.38,2024,8,3,August
TXN0080,2024-08-20,Headphones,East,Online,7,289.2,CUST3782,2024.4,2024,8,3,August
TXN0039,2024-08-20,Laptop,East,Partner,3,1827.59,CUST3101,5482.77,2024,8,3,August
TXN0547,2024-08-22,Monitor,West,Online,1,788.72,CUST3380,788.72,2024,8,3,August
TXN0467,2024-08-22,Keyboard,North,Partner,5,44.76,CUST1048,223.8,2024,8,3,August
TXN0839,2024-08-22,Monitor,East,Online,9,237.22,CUST2490,2134.98,2024,8,3,August
TXN0005,2024-08-23,Headphones,North,Online,3,145.62,CUST2267,436.86,2024,8,3,August
TXN0525,2024-08-24,Headphones,South,Online,8,282.7,CUST2827,2261.6,2024,8,3,August
TXN0063,2024-08-24,Laptop,North,Online,7,1588.53,CUST1580,11119.71,2024,8,3,August
TXN0190,2024-08-24,Monitor,North,Online,7,543.98,CUST4472,3807.86,2024,8,3,August
TXN0725,2024-08-24,Monitor,South,Online,9,313.48,CUST2690,2821.32,2024,8,3,August
TXN0125,2024-08-26,Keyboard,West,Online,2,83.69,CUST3786,167.38,2024,8,3,August
TXN0665,2024-08-26,Laptop,East,Retail,3,1563.65,CUST2152,4690.95,2024,8,3,August
TXN0748,2024-08-27,Keyboard,South,Online,8,33.89,CUST3077,271.12,2024,8,3,August
TXN0033,2024-08-27,Keyboard,West,Online,9,68.49,CUST4397,616.41,2024,8,3,August
TXN0513,2024-08-28,Laptop,South,Online,2,1131.4,CUST3341,2262.8,2024,8,3,August
TXN0220,2024-08-28,Monitor,North,Partner,3,654.94,CUST3109,1964.82,2024,8,3,August
TXN0807,2024-08-29,Laptop,East,Partner,9,1996.29,CUST4231,17966.61,2024,8,3,August
TXN0090,2024-08-29,Headphones,West,Retail,4,79.7,CUST1828,318.8,2024,8,3,August
TXN0312,2024-08-29,Mouse,North,Partner,1,62.9,CUST2249,62.9,2024,8,3,August
TXN0782,2024-08-30,Laptop,South,Partner,5,1677.39,CUST3703,8386.95,2024,8,3,August
TXN0898,2024-08-31,Laptop,South,Online,9,1525.81,CUST1515,13732.29,2024,8,3,August
TXN0195,2024-08-31,Keyboard,East,Online,2,104.8,CUST4521,209.6,2024,8,3,August
TXN0478,2024-09-01,Headphones,South,Retail,5,258.87,CUST2572,1294.35,2024,9,3,September
TXN0282,2024-09-01,Headphones,East,Online,1,176.81,CUST2229,176.81,2024,9,3,September
TXN0887,2024-09-01,Laptop,North,Online,5,1682.03,CUST3159,8410.15,2024,9,3,September
TXN0904,2024-09-02,Mouse,West,Partner,7,78.48,CUST2510,549.36,2024,9,3,September
TXN0346,2024-09-02,Headphones,South,Partner,5,240.07,CUST4897,1200.35,2024,9,3,September
TXN0133,2024-09-03,Laptop,East,Partner,8,1636.35,CUST1919,13090.8,2024,9,3,September
TXN0855,2024-09-03,Monitor,North,Online,5,463.91,CUST2715,2319.55,2024,9,3,September
TXN0064,2024-09-03,Headphones,East,Retail,3,239.46,CUST3744,718.38,2024,9,3,September
TXN0512,2024-09-04,Mouse,South,Partner,9,63.66,CUST4662,572.94,2024,9,3,September
TXN0572,2024-09-05,Headphones,West,Retail,6,63.66,CUST2673,381.96,2024,9,3,September
TXN0890,2024-09-05,Keyboard,North,Retail,6,32.87,CUST2677,197.22,2024,9,3,September
TXN0269,2024-09-06,Monitor,North,Retail,4,724.05,CUST2441,2896.2,2024,9,3,September
TXN0209,2024-09-07,Mouse,East,Online,2,76.04,CUST4810,152.08,2024,9,3,September
TXN0645,2024-09-07,Laptop,North,Partner,5,1066.28,CUST3841,5331.4,2024,9,3,September
TXN0094,2024-09-08,Keyboard,North,Partner,3,146.32,CUST4473,438.96,2024,9,3,September
TXN0880,2024-09-09,Monitor,South,Online,5,615.23,CUST2633,3076.15,2024,9,3,September
TXN0985,2024-09-10,Laptop,West,Retail,4,1828.36,CUST3605,7313.44,2024,9,3,September
TXN0315,2024-09-10,Laptop,North,Retail,3,1516.46,CUST4729,4549.38,2024,9,3,September
TXN0151,2024-09-10,Laptop,West,Retail,2,1714.95,CUST2658,3429.9,2024,9,3,September
TXN0041,2024-09-10,Monitor,East,Retail,9,598.1,CUST2884,5382.9,2024,9,3,September
TXN0444,2024-09-11,Mouse,North,Online,4,29.31,CUST4755,117.24,2024,9,3,September
TXN0175,2024-09-11,Keyboard,North,Retail,9,125.99,CUST3626,1133.91,2024,9,3,September
TXN0032,2024-09-11,Keyboard,South,Online,4,148.01,CUST4029,592.04,2024,9,3,September
TXN0777,2024-09-12,Monitor,East,Retail,9,296.14,CUST4308,2665.26,2024,9,3,September
TXN0713,2024-09-12,Keyboard,East,Online,5,51.01,CUST4416,255.05,2024,9,3,September
TXN0522,2024-09-12,Mouse,South,Partner,9,18.4,CUST2036,165.6,2024,9,3,September
TXN0019,2024-09-13,Keyboard,North,Retail,7,122.52,CUST1870,857.64,2024,9,3,September
TXN0450,2024-09-13,Laptop,West,Partner,6,885.12,CUST4736,5310.72,2024,9,3,September
TXN0606,2024-09-14,Monitor,North,Online,3,263.54,CUST3313,790.62,2024,9,3,September
TXN0322,2024-09-14,Monitor,South,Online,3,638.39,CUST2821,1915.17,2024,9,3,September
TXN0463,2024-09-14,Laptop,East,Online,9,1575.74,CUST2842,14181.66,2024,9,3,September
TXN0417,2024-09-15,Headphones,East,Retail,8,176.76,CUST3267,1414.08,2024,9,3,September
TXN0465,2024-09-15,Monitor,West,Retail,5,741.47,CUST2701,3707.35,2024,9,3,September
TXN0034,2024-09-15,Headphones,West,Partner,4,54.15,CUST2986,216.6,2024,9,3,September
TXN0551,2024-09-16,Mouse,West,Partner,2,60.39,CUST2834,120.78,2024,9,3,September
TXN0010,2024-09-16,Mouse,South,Online,2,65.38,CUST1161,130.76,2024,9,3,September
TXN0139,2024-09-17,Mouse,East,Retail,2,35.95,CUST4713,71.9,2024,9,3,September
TXN0219,2024-09-17,Headphones,South,Partner,7,270.95,CUST4170,1896.65,2024,9,3,September
TXN0989,2024-09-18,Keyboard,West,Partner,5,40.58,CUST1815,202.9,2024,9,3,September
TXN0270,2024-09-18,Monitor,East,Retail,3,555.41,CUST2269,1666.23,2024,9,3,September
TXN0342,2024-09-19,Keyboard,West,Online,4,105.98,CUST2575,423.92,2024,9,3,September
TXN0178,2024-09-19,Mouse,North,Partner,5,16.72,CUST4452,83.6,2024,9,3,September
TXN0306,2024-09-19,Keyboard,East,Retail,7,93.02,CUST4654,651.14,2024,9,3,September
TXN0055,2024-09-20,Laptop,West,Retail,3,1205.59,CUST2115,3616.77,2024,9,3,September
TXN0172,2024-09-20,Laptop,North,Partner,7,1703.9,CUST1777,11927.3,2024,9,3,September
TXN0692,2024-09-20,Laptop,East,Partner,5,874.87,CUST3323,4374.35,2024,9,3,September
TXN0287,2024-09-20,Laptop,North,Retail,5,1956.02,CUST2198,9780.1,2024,9,3,September
TXN0323,2024-09-20,Monitor,South,Retail,4,777.0,CUST4548,3108.0,2024,9,3,September
TXN0442,2024-09-20,Monitor,South,Online,6,735.38,CUST4198,4412.28,2024,9,3,September
TXN0498,2024-09-20,Keyboard,South,Online,8,65.35,CUST3694,522.8,2024,9,3,September
TXN0200,2024-09-20,Keyboard,East,Online,1,109.05,CUST3421,109.05,2024,9,3,September
TXN0423,2024-09-21,Headphones,West,Retail,2,77.69,CUST4643,155.38,2024,9,3,September
TXN0805,2024-09-22,Headphones,West,Retail,8,130.95,CUST2015,1047.6,2024,9,3,September
TXN0340,2024-09-22,Headphones,North,Retail,2,64.45,CUST2079,128.9,2024,9,3,September
TXN0464,2024-09-22,Keyboard,South,Retail,3,139.59,CUST4448,418.77,2024,9,3,September
TXN0601,2024-09-22,Keyboard,South,Online,3,62.22,CUST2659,186.66,2024,9,3,September
TXN0103,2024-09-23,Laptop,North,Retail,9,1963.9,CUST3842,17675.1,2024,9,3,September
TXN0541,2024-09-23,Keyboard,North,Online,8,106.31,CUST2006,850.48,2024,9,3,September
TXN0998,2024-09-23,Keyboard,East,Online,9,78.95,CUST4833,710.55,2024,9,3,September
TXN0253,2024-09-23,Laptop,South,Partner,8,975.11,CUST3635,7800.88,2024,9,3,September
TXN0459,2024-09-24,Headphones,North,Online,7,288.51,CUST4524,2019.57,2024,9,3,September
TXN0366,2024-09-24,Laptop,North,Partner,2,1563.28,CUST4069,3126.56,2024,9,3,September
TXN0271,2024-09-24,Headphones,East,Online,2,207.89,CUST3958,415.78,2024,9,3,September
TXN0874,2024-09-25,Headphones,North,Online,4,94.76,CUST1366,379.04,2024,9,3,September
TXN0721,2024-09-25,Mouse,East,Online,5,17.95,CUST3896,89.75,2024,9,3,September
TXN0674,2024-09-25,Headphones,North,Partner,4,272.93,CUST3964,1091.72,2024,9,3,September
TXN0203,2024-09-26,Mouse,East,Online,7,34.33,CUST3735,240.31,2024,9,3,September
TXN0011,2024-09-26,Mouse,East,Partner,8,52.08,CUST2275,416.64,2024,9,3,September
TXN0704,2024-09-27,Mouse,East,Partner,7,69.61,CUST3896,487.27,2024,9,3,September
TXN0771,2024-09-27,Mouse,West,Retail,9,35.05,CUST2235,315.45,2024,9,3,September
TXN0612,2024-09-27,Laptop,West,Online,9,1326.06,CUST3962,11934.54,2024,9,3,September
TXN0925,2024-09-27,Keyboard,South,Partner,8,113.42,CUST1701,907.36,2024,9,3,September
TXN0381,2024-09-29,Monitor,East,Partner,4,506.07,CUST4586,2024.28,2024,9,3,September
TXN0052,2024-09-29,Mouse,West,Online,9,60.66,CUST4247,545.94,2024,9,3,September
TXN0127,2024-09-29,Laptop,East,Retail,9,1868.63,CUST4283,16817.67,2024,9,3,September
TXN0613,2024-09-29,Monitor,East,Online,9,345.21,CUST3259,3106.89,2024,9,3,September
TXN0952,2024-09-29,Keyboard,North,Partner,7,147.7,CUST3740,1033.9,2024,9,3,September
TXN0485,2024-09-29,Keyboard,East,Retail,8,69.1,CUST4735,552.8,2024,9,3,September
TXN0550,2024-09-30,Laptop,East,Partner,7,1056.75,CUST3001,7397.25,2024,9,3,September
TXN0828,2024-10-01,Keyboard,South,Partner,9,64.14,CUST3099,577.26,2024,10,4,October
TXN0439,2024-10-01,Laptop,East,Retail,8,1644.42,CUST2852,13155.36,2024,10,4,October
TXN0486,2024-10-01,Mouse,North,Partner,5,24.62,CUST3564,123.1,2024,10,4,October
TXN0303,2024-10-01,Headphones,South,Retail,4,114.19,CUST4635,456.76,2024,10,4,October
TXN0695,2024-10-02,Keyboard,South,Retail,8,42.12,CUST1563,336.96,2024,10,4,October
TXN0283,2024-10-02,Monitor,North,Retail,8,611.58,CUST1125,4892.64,2024,10,4,October
TXN0660,2024-10-03,Keyboard,West,Retail,4,132.31,CUST2780,529.24,2024,10,4,October
TXN0752,2024-10-04,Monitor,West,Online,1,351.71,CUST4262,351.71,2024,10,4,October
TXN0966,2024-10-04,Monitor,West,Partner,1,712.19,CUST3584,712.19,2024,10,4,October
TXN0371,2024-10-04,Headphones,East,Online,1,177.09,CUST1702,177.09,2024,10,4,October
TXN0867,2024-10-04,Mouse,West,Online,5,44.33,CUST3313,221.65,2024,10,4,October
TXN0563,2024-10-04,Laptop,South,Online,9,1940.55,CUST1708,17464.95,2024,10,4,October
TXN0468,2024-10-05,Laptop,West,Online,6,1814.73,CUST2461,10888.38,2024,10,4,October
TXN0571,2024-10-05,Monitor,North,Online,5,659.33,CUST1824,3296.65,2024,10,4,October
TXN0078,2024-10-05,Headphones,North,Partner,9,144.43,CUST4952,1299.87,2024,10,4,October
TXN0302,2024-10-07,Monitor,West,Partner,3,236.16,CUST1788,708.48,2024,10,4,October
TXN0246,2024-10-07,Laptop,West,Retail,8,991.09,CUST1984,7928.72,2024,10,4,October
TXN0508,2024-10-07,Laptop,South,Partner,1,1663.75,CUST3591,1663.75,2024,10,4,October
TXN0422,2024-10-07,Monitor,West,Retail,5,784.07,CUST4547,3920.35,2024,10,4,October
TXN0298,2024-10-08,Headphones,West,Retail,6,278.56,CUST4292,1671.36,2024,10,4,October
TXN0738,2024-10-08,Laptop,West,Retail,3,1885.23,CUST2028,5655.69,2024,10,4,October
TXN0740,2024-10-08,Monitor,East,Retail,7,730.75,CUST3899,5115.25,2024,10,4,October
TXN0699,2024-10-08,Headphones,South,Partner,2,135.66,CUST3430,271.32,2024,10,4,October
TXN0025,2024-10-09,Laptop,South,Online,4,1223.08,CUST2282,4892.32,2024,10,4,October
TXN0533,2024-10-09,Monitor,South,Online,9,272.12,CUST4205,2449.08,2024,10,4,October
TXN0370,2024-10-09,Monitor,South,Partner,3,290.41,CUST2067,871.23,2024,10,4,October
TXN0739,2024-10-09,Keyboard,West,Online,3,55.49,CUST4764,166.47,2024,10,4,October
TXN0937,2024-10-10,Laptop,South,Online,7,842.71,CUST4653,5898.97,2024,10,4,October
TXN0114,2024-10-11,Headphones,West,Retail,8,260.52,CUST3832,2084.16,2024,10,4,October
TXN0369,2024-10-11,Monitor,North,Retail,2,279.04,CUST1462,558.08,2024,10,4,October
TXN0720,2024-10-12,Laptop,East,Online,2,1277.44,CUST2117,2554.88,2024,10,4,October
TXN0144,2024-10-12,Monitor,East,Online,5,688.74,CUST4450,3443.7,2024,10,4,October
TXN0440,2024-10-12,Monitor,North,Online,8,370.3,CUST2677,2962.4,2024,10,4,October
TXN0495,2024-10-13,Headphones,East,Retail,6,221.93,CUST1682,1331.58,2024,10,4,October
TXN0906,2024-10-13,Laptop,South,Partner,1,1018.95,CUST3712,1018.95,2024,10,4,October
TXN0714,2024-10-13,Laptop,South,Online,4,1099.6,CUST4477,4398.4,2024,10,4,October
TXN0051,2024-10-14,Mouse,East,Retail,7,24.11,CUST1154,168.77,2024,10,4,October
TXN0737,2024-10-16,Laptop,East,Retail,8,1365.15,CUST4049,10921.2,2024,10,4,October
TXN0616,2024-10-16,Keyboard,West,Partner,2,117.93,CUST2337,235.86,2024,10,4,October
TXN0604,2024-10-16,Headphones,South,Partner,6,112.72,CUST4849,676.32,2024,10,4,October
TXN0949,2024-10-17,Laptop,South,Online,1,1785.5,CUST4548,1785.5,2024,10,4,October
TXN0163,2024-10-17,Laptop,East,Online,6,1215.62,CUST4281,7293.72,2024,10,4,October
TXN0688,2024-10-18,Mouse,South,Retail,8,21.17,CUST4882,169.36,2024,10,4,October
TXN0281,2024-10-19,Laptop,West,Retail,1,946.53,CUST1197,946.53,2024,10,4,October
TXN0273,2024-10-19,Mouse,North,Retail,9,31.07,CUST2851,279.63,2024,10,4,October
TXN0215,2024-10-19,Keyboard,North,Online,6,147.88,CUST4390,887.28,2024,10,4,October
TXN0991,2024-10-19,Headphones,North,Partner,3,99.12,CUST3576,297.36,2024,10,4,October
TXN0788,2024-10-19,Headphones,North,Partner,4,223.45,CUST2459,893.8,2024,10,4,October
TXN0743,2024-10-20,Headphones,North,Partner,4,233.47,CUST4096,933.88,2024,10,4,October
TXN0686,2024-10-22,Monitor,South,Retail,6,521.56,CUST4255,3129.36,2024,10,4,October
TXN0143,2024-10-22,Laptop,West,Retail,8,1793.53,CUST2252,14348.24,2024,10,4,October
TXN0764,2024-10-22,Monitor,East,Retail,4,451.51,CUST2307,1806.04,2024,10,4,October
TXN0415,2024-10-23,Monitor,West,Online,5,387.41,CUST1904,1937.05,2024,10,4,October
TXN0796,2024-10-24,Headphones,North,Retail,7,79.32,CUST1489,555.24,2024,10,4,October
TXN0307,2024-10-24,Laptop,West,Retail,7,1778.9,CUST2195,12452.3,2024,10,4,October
TXN0976,2024-10-24,Keyboard,East,Online,1,81.7,CUST4767,81.7,2024,10,4,October
TXN0663,2024-10-26,Mouse,East,Partner,1,53.0,CUST4249,53.0,2024,10,4,October
TXN0398,2024-10-27,Laptop,West,Partner,4,1543.64,CUST1874,6174.56,2024,10,4,October
TXN0160,2024-10-28,Laptop,North,Online,4,949.6,CUST3872,3798.4,2024,10,4,October
TXN0375,2024-10-28,Headphones,East,Partner,2,138.85,CUST2036,277.7,2024,10,4,October
TXN0432,2024-10-28,Headphones,West,Retail,4,267.8,CUST1550,1071.2,2024,10,4,October
TXN0317,2024-10-28,Monitor,East,Retail,6,547.03,CUST2190,3282.18,2024,10,4,October
TXN0391,2024-10-28,Keyboard,South,Partner,5,131.03,CUST2956,655.15,2024,10,4,October
TXN0156,2024-10-28,Mouse,East,Retail,8,47.88,CUST1984,383.04,2024,10,4,October
TXN0101,2024-10-29,Headphones,North,Retail,8,269.17,CUST4322,2153.36,2024,10,4,October
TXN0431,2024-10-29,Monitor,South,Partner,5,219.91,CUST4700,1099.55,2024,10,4,October
TXN0490,2024-10-30,Mouse,West,Retail,7,39.4,CUST4173,275.8,2024,10,4,October
TXN0038,2024-10-30,Mouse,South,Online,5,72.37,CUST4062,361.85,2024,10,4,October
TXN0290,2024-10-30,Headphones,North,Online,2,299.85,CUST1574,599.7,2024,10,4,October
TXN0675,2024-10-30,Keyboard,North,Partner,6,31.73,CUST3509,190.38,2024,10,4,October
TXN0095,2024-10-31,Laptop,South,Partner,1,1553.07,CUST4957,1553.07,2024,10,4,October
TXN0911,2024-10-31,Keyboard,North,Partner,6,43.08,CUST4655,258.48,2024,10,4,October
TXN0296,2024-10-31,Laptop,West,Online,3,1072.72,CUST3009,3218.16,2024,10,4,October
TXN0267,2024-10-31,Monitor,South,Online,8,455.3,CUST1515,3642.4,2024,10,4,October
TXN0800,2024-11-01,Mouse,West,Partner,1,72.84,CUST2371,72.84,2024,11,4,November
TXN0109,2024-11-01,Keyboard,West,Online,6,146.16,CUST4037,876.96,2024,11,4,November
TXN0192,2024-11-02,Laptop,North,Partner,5,1804.49,CUST3058,9022.45,2024,11,4,November
TXN0900,2024-11-03,Keyboard,North,Partner,5,97.75,CUST2681,488.75,2024,11,4,November
TXN0286,2024-11-03,Headphones,West,Retail,7,90.6,CUST2364,634.2,2024,11,4,November
TXN0349,2024-11-03,Headphones,West,Partner,5,172.06,CUST2731,860.3,2024,11,4,November
TXN0584,2024-11-03,Monitor,North,Partner,1,620.7,CUST2099,620.7,2024,11,4,November
TXN0733,2024-11-03,Headphones,South,Online,9,136.72,CUST3747,1230.48,2024,11,4,November
TXN0441,2024-11-04,Keyboard,East,Online,9,35.78,CUST1067,322.02,2024,11,4,November
TXN0162,2024-11-04,Laptop,North,Retail,4,1745.35,CUST4737,6981.4,2024,11,4,November
TXN0524,2024-11-05,Keyboard,West,Retail,1,125.55,CUST2878,125.55,2024,11,4,November
TXN0577,2024-11-05,Headphones,North,Online,7,186.12,CUST4273,1302.84,2024,11,4,November
TXN0324,2024-11-06,Laptop,West,Retail,9,1786.17,CUST4083,16075.53,2024,11,4,November
TXN0194,2024-11-07,Headphones,North,Retail,4,184.96,CUST4538,739.84,2024,11,4,November
TXN0564,2024-11-07,Keyboard,East,Online,3,69.16,CUST4954,207.48,2024,11,4,November
TXN0539,2024-11-07,Headphones,West,Retail,6,141.42,CUST2594,848.52,2024,11,4,November
TXN0092,2024-11-07,Laptop,North,Retail,5,1955.87,CUST4627,9779.35,2024,11,4,November
TXN0629,2024-11-07,Keyboard,South,Partner,9,72.83,CUST4390,655.47,2024,11,4,November
TXN0885,2024-11-08,Headphones,East,Partner,2,67.29,CUST2326,134.58,2024,11,4,November
TXN0110,2024-11-08,Keyboard,North,Partner,7,120.62,CUST3900,844.34,2024,11,4,November
TXN0702,2024-11-08,Mouse,East,Retail,5,42.21,CUST1776,211.05,2024,11,4,November
TXN0662,2024-11-08,Keyboard,West,Online,2,80.98,CUST3763,161.96,2024,11,4,November
TXN0634,2024-11-08,Keyboard,East,Retail,9,49.24,CUST2700,443.16,2024,11,4,November
TXN0941,2024-11-09,Mouse,West,Partner,7,46.41,CUST2641,324.87,2024,11,4,November
TXN0261,2024-11-09,Monitor,South,Retail,3,224.45,CUST4771,673.35,2024,11,4,November
TXN0763,2024-11-09,Headphones,West,Retail,5,67.53,CUST2774,337.65,2024,11,4,November
TXN0784,2024-11-10,Mouse,East,Partner,8,73.78,CUST2902,590.24,2024,11,4,November
TXN0204,2024-11-10,Mouse,East,Online,2,63.43,CUST3419,126.86,2024,11,4,November
TXN0131,2024-11-10,Mouse,North,Retail,5,75.69,CUST2460,378.45,2024,11,4,November
TXN0804,2024-11-11,Mouse,South,Retail,4,32.93,CUST4864,131.72,2024,11,4,November
TXN0054,2024-11-11,Headphones,South,Partner,9,206.97,CUST1019,1862.73,2024,11,4,November
TXN0573,2024-11-12,Headphones,West,Partner,3,62.98,CUST2987,188.94,2024,11,4,November
TXN0923,2024-11-12,Headphones,East,Partner,1,126.06,CUST4699,126.06,2024,11,4,November
TXN0046,2024-11-12,Monitor,West,Partner,4,214.59,CUST4120,858.36,2024,11,4,November
TXN0595,2024-11-13,Laptop,South,Online,3,1613.05,CUST4962,4839.15,2024,11,4,November
TXN0169,2024-11-13,Keyboard,West,Retail,1,34.39,CUST1285,34.39,2024,11,4,November
TXN0792,2024-11-13,Keyboard,South,Online,4,136.33,CUST2390,545.32,2024,11,4,November
TXN0969,2024-11-13,Monitor,West,Online,4,755.64,CUST1116,3022.56,2024,11,4,November
TXN0909,2024-11-13,Keyboard,West,Online,4,125.41,CUST2515,501.64,2024,11,4,November
TXN0386,2024-11-14,Mouse,West,Online,9,75.65,CUST2836,680.85,2024,11,4,November
TXN0945,2024-11-14,Keyboard,North,Partner,3,73.59,CUST1988,220.77,2024,11,4,November
TXN0598,2024-11-14,Mouse,South,Online,9,15.75,CUST2597,141.75,2024,11,4,November
TXN0122,2024-11-14,Keyboard,West,Online,1,63.23,CUST2280,63.23,2024,11,4,November
TXN0161,2024-11-14,Laptop,South,Partner,3,1509.53,CUST3708,4528.59,2024,11,4,November
TXN0843,2024-11-15,Mouse,East,Online,7,57.17,CUST4793,400.19,2024,11,4,November
TXN0515,2024-11-15,Monitor,North,Partner,9,416.14,CUST4730,3745.26,2024,11,4,November
TXN0726,2024-11-16,Monitor,East,Retail,3,650.46,CUST4754,1951.38,2024,11,4,November
TXN0542,2024-11-16,Monitor,North,Partner,4,402.4,CUST4509,1609.6,2024,11,4,November
TXN0140,2024-11-16,Monitor,East,Online,9,656.14,CUST2994,5905.26,2024,11,4,November
TXN0950,2024-11-16,Headphones,East,Online,5,264.91,CUST1491,1324.55,2024,11,4,November
TXN0056,2024-11-17,Mouse,West,Partner,6,36.33,CUST4769,217.98,2024,11,4,November
TXN0772,2024-11-18,Keyboard,South,Partner,1,113.6,CUST1958,113.6,2024,11,4,November
TXN0292,2024-11-19,Laptop,South,Online,6,1192.44,CUST2637,7154.64,2024,11,4,November
TXN0835,2024-11-19,Headphones,North,Retail,6,189.12,CUST4634,1134.72,2024,11,4,November
TXN0213,2024-11-19,Mouse,South,Retail,5,17.74,CUST1704,88.7,2024,11,4,November
TXN0568,2024-11-19,Monitor,South,Partner,3,504.15,CUST3754,1512.45,2024,11,4,November
TXN0933,2024-11-20,Laptop,North,Partner,9,1484.91,CUST2736,13364.19,2024,11,4,November
TXN0476,2024-11-20,Headphones,South,Partner,3,291.0,CUST4843,873.0,2024,11,4,November
TXN0790,2024-11-21,Laptop,East,Retail,6,950.68,CUST4217,5704.08,2024,11,4,November
TXN0762,2024-11-22,Laptop,East,Retail,1,1332.94,CUST4235,1332.94,2024,11,4,November
TXN0404,2024-11-22,Monitor,South,Partner,1,514.03,CUST4644,514.03,2024,11,4,November
TXN0168,2024-11-22,Laptop,North,Online,7,1312.15,CUST1951,9185.05,2024,11,4,November
TXN0944,2024-11-23,Monitor,North,Retail,1,282.21,CUST2407,282.21,2024,11,4,November
TXN0992,2024-11-23,Mouse,North,Online,6,70.77,CUST1471,424.62,2024,11,4,November
TXN0158,2024-11-23,Headphones,East,Retail,1,194.07,CUST4449,194.07,2024,11,4,November
TXN0493,2024-11-23,Laptop,West,Online,1,1568.24,CUST3784,1568.24,2024,11,4,November
TXN0917,2024-11-23,Keyboard,East,Retail,7,45.8,CUST4968,320.6,2024,11,4,November
TXN0435,2024-11-23,Monitor,South,Partner,3,786.08,CUST4917,2358.24,2024,11,4,November
TXN0717,2024-11-23,Mouse,South,Partner,7,33.94,CUST2799,237.58,2024,11,4,November
TXN0776,2024-11-24,Laptop,East,Retail,3,1864.54,CUST2092,5593.62,2024,11,4,November
TXN0793,2024-11-24,Monitor,East,Partner,3,588.86,CUST4187,1766.58,2024,11,4,November
TXN0895,2024-11-24,Keyboard,North,Retail,3,49.75,CUST2871,149.25,2024,11,4,November
TXN0222,2024-11-24,Laptop,West,Retail,5,909.78,CUST2640,4548.9,2024,11,4,November
TXN0862,2024-11-25,Keyboard,East,Partner,7,83.02,CUST2902,581.14,2024,11,4,November
TXN0330,2024-11-26,Laptop,East,Retail,7,1930.86,CUST4537,13516.02,2024,11,4,November
TXN0617,2024-11-26,Laptop,West,Retail,7,1806.19,CUST2573,12643.33,2024,11,4,November
TXN0706,2024-11-27,Laptop,West,Retail,3,1589.7,CUST3808,4769.1,2024,11,4,November
TXN0574,2024-11-27,Monitor,South,Partner,4,645.14,CUST2988,2580.56,2024,11,4,November
TXN0661,2024-11-27,Mouse,South,Online,6,40.1,CUST1615,240.6,2024,11,4,November
TXN0710,2024-11-28,Laptop,West,Partner,6,957.98,CUST3167,5747.88,2024,11,4,November
TXN0871,2024-11-29,Keyboard,West,Retail,9,36.65,CUST2079,329.85,2024,11,4,November
TXN0142,2024-11-29,Mouse,North,Partner,9,28.33,CUST2570,254.97,2024,11,4,November
TXN0981,2024-11-29,Mouse,East,Online,9,46.37,CUST2598,417.33,2024,11,4,November
TXN0943,2024-11-29,Headphones,North,Partner,3,80.47,CUST4269,241.41,2024,11,4,November
TXN0953,2024-11-30,Monitor,South,Retail,4,652.72,CUST2039,2610.88,2024,11,4,November
TXN0651,2024-11-30,Monitor,West,Online,1,244.46,CUST3881,244.46,2024,11,4,November
TXN0333,2024-12-01,Keyboard,East,Retail,9,68.7,CUST4746,618.3,2024,12,4,December
TXN0382,2024-12-01,Headphones,South,Partner,4,190.17,CUST3813,760.68,2024,12,4,December
TXN0397,2024-12-01,Mouse,West,Retail,9,65.49,CUST2579,589.41,2024,12,4,December
TXN0552,2024-12-01,Headphones,South,Retail,7,148.2,CUST3409,1037.4,2024,12,4,December
TXN0716,2024-12-02,Headphones,South,Online,1,137.8,CUST4344,137.8,2024,12,4,December
TXN0773,2024-12-02,Monitor,North,Partner,5,714.31,CUST4575,3571.55,2024,12,4,December
TXN0243,2024-12-02,Keyboard,South,Online,5,139.14,CUST1868,695.7,2024,12,4,December
TXN0042,2024-12-03,Mouse,South,Retail,3,57.38,CUST2704,172.14,2024,12,4,December
TXN0879,2024-12-03,Keyboard,West,Partner,1,129.91,CUST3938,129.91,2024,12,4,December
TXN0588,2024-12-04,Keyboard,South,Online,1,146.04,CUST3386,146.04,2024,12,4,December
TXN0863,2024-12-04,Keyboard,South,Online,3,36.14,CUST3670,108.42,2024,12,4,December
TXN0081,2024-12-04,Monitor,South,Partner,5,255.02,CUST1395,1275.1,2024,12,4,December
TXN0115,2024-12-05,Monitor,West,Online,2,572.48,CUST2473,1144.96,2024,12,4,December
TXN0955,2024-12-05,Laptop,North,Retail,5,1281.8,CUST3258,6409.0,2024,12,4,December
TXN0008,2024-12-05,Headphones,West,Partner,7,202.5,CUST1775,1417.5,2024,12,4,December
TXN0453,2024-12-05,Headphones,West,Online,6,263.53,CUST1880,1581.18,2024,12,4,December
TXN0070,2024-12-05,Keyboard,West,Retail,3,107.19,CUST1956,321.57,2024,12,4,December
TXN0797,2024-12-06,Keyboard,North,Partner,3,148.22,CUST1287,444.66,2024,12,4,December
TXN0483,2024-12-06,Mouse,South,Partner,5,77.82,CUST1358,389.1,2024,12,4,December
TXN0554,2024-12-07,Mouse,North,Retail,9,69.3,CUST4619,623.7,2024,12,4,December
TXN0087,2024-12-07,Laptop,West,Online,7,1983.2,CUST2155,13882.4,2024,12,4,December
TXN0819,2024-12-08,Monitor,West,Partner,1,208.18,CUST2378,208.18,2024,12,4,December
TXN0482,2024-12-08,Headphones,East,Partner,2,114.83,CUST4634,229.66,2024,12,4,December
TXN0575,2024-12-08,Headphones,South,Retail,5,228.16,CUST2434,1140.8,2024,12,4,December
TXN0514,2024-12-08,Laptop,West,Retail,8,804.58,CUST3372,6436.64,2024,12,4,December
TXN0251,2024-12-09,Mouse,West,Partner,1,15.76,CUST1273,15.76,2024,12,4,December
TXN0294,2024-12-09,Laptop,South,Retail,7,806.91,CUST4726,5648.37,2024,12,4,December
TXN0403,2024-12-10,Keyboard,North,Online,9,32.64,CUST1628,293.76,2024,12,4,December
TXN0014,2024-12-10,Laptop,East,Online,8,1273.86,CUST3695,10190.88,2024,12,4,December
TXN0275,2024-12-10,Laptop,North,Retail,3,1588.08,CUST3046,4764.24,2024,12,4,December
TXN0620,2024-12-10,Keyboard,East,Online,1,137.44,CUST1648,137.44,2024,12,4,December
TXN0894,2024-12-10,Mouse,West,Retail,3,67.55,CUST4096,202.65,2024,12,4,December
TXN0664,2024-12-11,Monitor,East,Retail,1,363.17,CUST4877,363.17,2024,12,4,December
TXN0852,2024-12-11,Laptop,East,Retail,6,1666.48,CUST2735,9998.88,2024,12,4,December
TXN0830,2024-12-11,Mouse,West,Partner,7,53.06,CUST1923,371.42,2024,12,4,December
TXN0164,2024-12-12,Keyboard,North,Partner,3,59.79,CUST1024,179.37,2024,12,4,December
TXN0460,2024-12-12,Laptop,South,Partner,7,848.67,CUST2875,5940.69,2024,12,4,December
TXN0362,2024-12-12,Monitor,West,Retail,6,491.61,CUST3207,2949.66,2024,12,4,December
TXN0334,2024-12-12,Mouse,South,Partner,2,77.23,CUST3001,154.46,2024,12,4,December
TXN0656,2024-12-13,Laptop,East,Retail,8,1458.1,CUST4480,11664.8,2024,12,4,December
TXN0838,2024-12-13,Keyboard,South,Online,7,124.8,CUST4569,873.6,2024,12,4,December
TXN0108,2024-12-13,Mouse,East,Partner,2,45.95,CUST1770,91.9,2024,12,4,December
TXN0260,2024-12-13,Mouse,South,Retail,7,57.95,CUST1207,405.65,2024,12,4,December
TXN0980,2024-12-13,Headphones,South,Partner,9,104.78,CUST3713,943.02,2024,12,4,December
TXN0001,2024-12-14,Monitor,East,Partner,8,559.2,CUST2638,4473.6,2024,12,4,December
TXN0174,2024-12-14,Mouse,West,Online,9,29.43,CUST3007,264.87,2024,12,4,December
TXN0864,2024-12-14,Headphones,East,Partner,8,117.65,CUST3169,941.2,2024,12,4,December
TXN0428,2024-12-15,Keyboard,East,Partner,3,33.73,CUST3940,101.19,2024,12,4,December
TXN0059,2024-12-15,Headphones,East,Partner,7,84.59,CUST3703,592.13,2024,12,4,December
TXN0466,2024-12-15,Keyboard,West,Retail,1,113.39,CUST1267,113.39,2024,12,4,December
TXN0884,2024-12-17,Keyboard,South,Online,2,99.07,CUST4296,198.14,2024,12,4,December
TXN0237,2024-12-17,Monitor,West,Retail,4,380.58,CUST2040,1522.32,2024,12,4,December
TXN0605,2024-12-17,Laptop,West,Retail,9,1430.91,CUST2082,12878.19,2024,12,4,December
TXN0229,2024-12-18,Monitor,East,Partner,9,400.41,CUST3604,3603.69,2024,12,4,December
TXN0454,2024-12-18,Keyboard,South,Partner,5,82.62,CUST1703,413.1,2024,12,4,December
TXN0152,2024-12-18,Mouse,South,Retail,4,44.71,CUST3995,178.84,2024,12,4,December
TXN0405,2024-12-19,Headphones,West,Retail,9,247.92,CUST1176,2231.28,2024,12,4,December
TXN0488,2024-12-19,Headphones,East,Retail,6,82.66,CUST3442,495.96,2024,12,4,December
TXN0641,2024-12-19,Mouse,East,Online,6,52.4,CUST1092,314.4,2024,12,4,December
TXN0433,2024-12-20,Laptop,West,Online,2,1580.92,CUST1645,3161.84,2024,12,4,December
TXN0123,2024-12-20,Laptop,North,Partner,8,1381.43,CUST1473,11051.44,2024,12,4,December
TXN0272,2024-12-20,Laptop,South,Retail,7,1559.05,CUST1525,10913.35,2024,12,4,December
TXN0297,2024-12-20,Keyboard,West,Retail,2,85.62,CUST2026,171.24,2024,12,4,December
TXN0527,2024-12-21,Laptop,North,Partner,3,1600.24,CUST3096,4800.72,2024,12,4,December
TXN0676,2024-12-21,Mouse,West,Partner,3,76.0,CUST1708,228.0,2024,12,4,December
TXN0791,2024-12-21,Headphones,South,Online,3,224.29,CUST3700,672.87,2024,12,4,December
TXN0668,2024-12-22,Mouse,West,Online,8,17.02,CUST3622,136.16,2024,12,4,December
TXN0076,2024-12-22,Mouse,North,Partner,1,62.56,CUST2571,62.56,2024,12,4,December
TXN0502,2024-12-23,Monitor,East,Partner,8,266.6,CUST1187,2132.8,2024,12,4,December
TXN0842,2024-12-23,Laptop,South,Partner,5,1330.44,CUST1243,6652.2,2024,12,4,December
TXN0185,2024-12-24,Laptop,North,Retail,6,1801.92,CUST3051,10811.52,2024,12,4,December
TXN0388,2024-12-24,Keyboard,North,Retail,5,52.14,CUST2596,260.7,2024,12,4,December
TXN0259,2024-12-24,Laptop,East,Online,2,1922.24,CUST4911,3844.48,2024,12,4,December
TXN0036,2024-12-25,Mouse,North,Partner,9,22.38,CUST3198,201.42,2024,12,4,December
TXN0258,2024-12-25,Laptop,East,Online,3,1875.47,CUST3056,5626.41,2024,12,4,December
TXN0896,2024-12-25,Monitor,East,Retail,2,461.6,CUST1044,923.2,2024,12,4,December
TXN0326,2024-12-25,Headphones,West,Online,9,217.89,CUST2107,1961.01,2024,12,4,December
TXN0926,2024-12-26,Headphones,South,Online,4,186.06,CUST2024,744.24,2024,12,4,December
TXN0308,2024-12-27,Headphones,East,Partner,7,209.5,CUST2300,1466.5,2024,12,4,December
TXN1000,2024-12-27,Monitor,West,Online,6,649.97,CUST1853,3899.82,2024,12,4,December
TXN0977,2024-12-28,Keyboard,North,Partner,3,148.29,CUST3915,444.87,2024,12,4,December
TXN0455,2024-12-28,Mouse,South,Retail,9,40.81,CUST2572,367.29,2024,12,4,December
TXN0625,2024-12-28,Headphones,South,Partner,1,241.11,CUST1973,241.11,2024,12,4,December
TXN0268,2024-12-29,Monitor,South,Retail,1,508.4,CUST4688,508.4,2024,12,4,December
TXN0424,2024-12-29,Monitor,West,Online,5,352.59,CUST1981,1762.95,2024,12,4,December
TXN0557,2024-12-29,Headphones,North,Online,4,122.22,CUST4831,488.88,2024,12,4,December
TXN0783,2024-12-29,Laptop,East,Partner,4,1968.56,CUST3689,7874.24,2024,12,4,December
TXN0827,2024-12-29,Keyboard,West,Online,4,120.42,CUST2795,481.68,2024,12,4,December
TXN0708,2024-12-30,Headphones,North,Online,5,177.54,CUST2612,887.7,2024,12,4,December
TXN0829,2024-12-30,Headphones,South,Partner,3,106.51,CUST4271,319.53,2024,12,4,December
